date,open,high,low,close,volume,openinterest,ma
2018-01-02,13.238,13.238,12.869,13.035,13112.0,0.0,0.0
2018-01-03,13.005,13.005,12.809,12.821,11501.0,0.0,0.0
2018-01-04,12.815,12.946,12.613,12.809,10580.0,0.0,0.0
2018-01-05,12.821,12.874,12.702,12.809,9682.0,0.0,0.0
2018-01-08,12.839,12.97,12.69,12.779,9514.0,0.0,0.0
2018-01-09,12.636,12.857,12.601,12.678,9869.0,0.0,0.0
2018-01-10,12.785,13.946,12.63,13.517,27306.0,0.0,0.0
2018-01-11,13.321,13.69,13.214,13.374,15197.0,0.0,0.0
2018-01-12,13.16,13.416,13.077,13.196,7116.0,0.0,0.0
2018-01-15,13.279,13.279,12.726,12.845,7662.0,0.0,0.0
2018-01-16,12.815,12.952,12.678,12.797,5609.0,0.0,0.0
2018-01-17,12.88,13.238,11.767,12.958,19068.0,0.0,0.0
2018-01-18,12.815,12.994,12.672,12.934,8207.0,0.0,0.0
2018-01-19,12.785,13.059,12.779,12.898,6342.0,0.0,0.0
2018-01-22,12.892,12.892,12.601,12.672,7418.0,0.0,0.0
2018-01-23,12.714,12.773,12.505,12.529,4657.0,0.0,0.0
2018-01-24,12.482,12.666,12.404,12.619,5726.0,0.0,0.0
2018-01-25,12.619,12.755,12.44,12.476,5207.0,0.0,0.0
2018-01-26,12.476,12.476,11.476,12.339,25489.0,0.0,0.0
2018-01-29,12.059,12.321,11.886,12.166,12153.0,0.0,0.0
2018-01-30,12.291,12.291,11.952,12.244,5881.0,0.0,0.0
2018-01-31,12.249,12.482,12.077,12.196,7506.0,0.0,0.0
2018-02-01,12.279,12.279,11.767,12.184,9443.0,0.0,0.0
2018-02-02,11.97,12.172,10.952,10.952,37789.0,0.0,0.0
2018-02-05,9.845,10.249,9.845,9.845,15183.0,0.0,0.0
2018-02-06,8.845,8.845,8.845,8.845,5241.0,0.0,0.0
2018-02-07,7.946,8.72,7.946,7.958,94693.0,0.0,0.0
2018-02-08,7.749,7.845,7.44,7.702,44330.0,0.0,0.0
2018-02-09,7.196,7.458,6.928,6.976,36203.0,0.0,0.0
2018-02-12,7.089,7.482,7.083,7.273,23377.0,0.0,0.0
2018-02-13,7.339,7.386,7.136,7.136,15772.0,0.0,0.0
2018-02-14,7.124,7.226,7.101,7.184,10867.0,0.0,0.0
2018-02-22,7.267,7.392,7.214,7.309,10284.0,0.0,0.0
2018-02-23,7.374,7.571,7.303,7.446,15783.0,0.0,0.0
2018-02-26,7.452,7.833,7.452,7.791,19983.0,0.0,0.0
2018-02-27,7.809,8.101,7.66,7.952,27579.0,0.0,0.0
2018-02-28,7.785,7.97,7.738,7.797,18509.0,0.0,0.0
2018-05-29,8.589,8.589,8.589,8.589,8274.0,0.0,0.0
2018-05-30,9.071,9.464,8.726,8.815,78376.0,0.0,0.0
2018-05-31,8.196,8.523,7.994,8.351,50983.0,0.0,0.0
2018-06-01,8.202,8.214,7.499,7.511,43852.0,0.0,0.0
2018-06-04,7.422,8.279,7.327,8.279,30921.0,0.0,0.0
2018-06-05,8.827,9.119,8.613,9.119,55837.0,0.0,0.0
2018-06-06,9.511,9.982,8.791,9.19,97644.0,0.0,0.0
2018-06-07,9.244,9.327,8.672,8.785,53430.0,0.0,0.0
2018-06-08,8.785,9.369,8.607,8.607,46426.0,0.0,0.0
2018-06-11,8.517,8.601,8.202,8.499,33517.0,0.0,0.0
2018-06-12,8.565,8.654,8.071,8.434,34222.0,0.0,0.0
2018-06-13,8.446,9.291,8.226,9.291,49871.0,0.0,0.0
2018-06-14,9.654,10.142,9.327,9.535,105337.0,0.0,0.0
2018-06-15,8.91,9.541,8.791,9.398,65197.0,0.0,0.0
2018-06-19,8.97,9.142,8.446,8.446,38097.0,0.0,0.0
2018-06-20,7.928,9.089,7.928,8.94,53706.0,0.0,0.0
2018-06-21,8.994,9.101,8.589,8.613,40533.0,0.0,0.0
2018-06-22,8.226,8.749,8.208,8.38,28529.0,0.0,0.0
2018-06-25,8.434,9.232,8.434,9.232,26780.0,0.0,0.0
2018-06-26,9.511,10.166,9.327,10.166,111656.0,0.0,0.0
2018-06-27,10.315,11.083,9.785,10.464,119218.0,0.0,0.0
2018-06-28,10.19,11.47,9.91,10.94,125410.0,0.0,0.0
2018-06-29,10.613,11.279,10.345,10.779,92075.0,0.0,0.0
2018-07-02,10.821,10.821,10.13,10.38,61545.0,0.0,0.0
2018-07-03,10.297,10.482,10.166,10.422,46496.0,0.0,0.0
2018-07-04,10.279,10.285,9.583,9.809,47596.0,0.0,0.0
2018-07-05,9.839,9.863,9.232,9.494,40947.0,0.0,0.0
2018-07-06,9.297,10.047,9.291,9.744,45689.0,0.0,0.0
2018-07-09,9.738,10.636,9.541,10.357,57174.0,0.0,0.0
2018-07-10,10.255,10.392,10.107,10.297,41585.0,0.0,0.0
2018-07-11,9.982,9.982,9.464,9.69,36622.0,0.0,0.0
2018-07-12,9.821,10.577,9.744,10.422,58897.0,0.0,0.0
2018-07-13,10.249,10.339,10.047,10.059,37551.0,0.0,0.0
2018-07-16,10.136,10.845,10.047,10.452,60894.0,0.0,0.0
2018-07-17,10.583,10.982,10.089,10.595,45798.0,0.0,0.0
2018-07-18,10.416,10.666,10.297,10.386,34277.0,0.0,0.0
2018-07-19,10.339,10.38,9.928,10.011,24935.0,0.0,0.0
2018-07-20,10.047,10.16,9.922,10.083,15329.0,0.0,0.0
2018-07-23,10.095,10.095,9.785,9.94,16902.0,0.0,0.0
2018-07-24,9.874,9.916,9.434,9.821,29729.0,0.0,0.0
2018-07-25,9.815,9.928,9.624,9.678,17727.0,0.0,0.0
2018-07-26,9.63,9.761,9.22,9.255,26385.0,0.0,0.0
2018-07-27,9.214,9.386,8.672,8.708,30322.0,0.0,0.0
2018-07-30,8.672,8.874,8.666,8.839,18553.0,0.0,0.0
2018-07-31,8.785,8.88,8.672,8.702,11988.0,0.0,0.0
2018-08-01,8.791,9.589,8.744,9.285,57751.0,0.0,0.0
2018-08-02,8.928,9.029,8.374,8.547,38002.0,0.0,0.0
2018-08-03,8.255,8.773,8.255,8.517,18084.0,0.0,0.0
2018-08-06,8.196,8.499,7.732,7.857,20183.0,0.0,0.0
2018-08-07,7.976,8.124,7.803,8.077,15031.0,0.0,0.0
2018-08-08,8.023,8.172,7.821,7.892,16524.0,0.0,0.0
2018-08-09,7.833,8.494,7.785,8.095,19734.0,0.0,0.0
2018-08-10,8.107,8.196,8.053,8.19,12640.0,0.0,0.0
2018-08-13,8.059,8.303,7.898,8.196,13795.0,0.0,0.0
2018-08-14,8.285,8.505,7.982,8.464,19815.0,0.0,0.0
2018-08-15,8.434,8.601,8.083,8.154,19118.0,0.0,0.0
2018-08-16,8.011,8.148,7.839,7.94,12282.0,0.0,0.0
2018-08-17,8.184,8.184,7.732,7.773,14508.0,0.0,0.0
2018-08-20,7.726,7.958,7.648,7.958,12740.0,0.0,0.0
2018-08-21,7.934,8.494,7.863,8.136,19648.0,0.0,0.0
2018-08-22,8.047,8.083,7.863,7.886,11808.0,0.0,0.0
2018-08-23,7.886,7.999,7.749,7.898,8572.0,0.0,0.0
2018-08-24,7.934,7.958,7.738,7.785,8686.0,0.0,0.0
2018-08-27,7.874,7.958,7.797,7.94,9300.0,0.0,0.0
2018-08-28,7.928,8.059,7.874,8.023,11869.0,0.0,0.0
2018-08-29,7.964,8.464,7.91,8.029,18672.0,0.0,0.0
2018-08-30,7.845,8.005,7.767,7.803,14005.0,0.0,0.0
2018-08-31,7.714,7.863,7.398,7.422,14245.0,0.0,0.0
2018-09-03,7.422,7.535,7.232,7.416,6771.0,0.0,0.0
2018-09-04,7.41,7.559,7.285,7.511,6897.0,0.0,0.0
2018-09-05,7.589,7.666,7.458,7.47,8727.0,0.0,0.0
2018-09-06,7.47,7.547,7.244,7.303,7733.0,0.0,0.0
2018-09-07,7.321,7.458,7.255,7.374,6765.0,0.0,0.0
2018-09-10,7.351,7.428,7.124,7.184,7518.0,0.0,0.0
2018-09-11,7.244,7.267,7.166,7.226,5333.0,0.0,0.0
2018-09-12,7.297,7.297,7.166,7.297,4689.0,0.0,0.0
2018-09-13,7.297,7.369,7.19,7.339,6128.0,0.0,0.0
2018-09-14,7.339,7.392,7.214,7.22,6915.0,0.0,0.0
2018-09-17,7.196,7.261,6.869,6.892,9612.0,0.0,0.0
2018-09-18,6.928,7.053,6.863,7.011,7117.0,0.0,0.0
2018-09-19,7.041,7.196,6.958,7.095,8300.0,0.0,0.0
2018-09-20,7.083,7.517,7.065,7.22,15344.0,0.0,0.0
2018-09-21,7.244,7.244,6.988,7.166,11667.0,0.0,0.0
2018-09-25,7.148,7.351,7.023,7.285,9767.0,0.0,0.0
2018-09-26,7.303,7.315,7.22,7.249,8714.0,0.0,0.0
2018-09-27,7.273,7.291,6.952,6.988,9557.0,0.0,0.0
2018-09-28,6.988,7.154,6.988,7.083,4592.0,0.0,0.0
2018-10-08,7.083,7.095,6.755,6.773,7570.0,0.0,0.0
2018-10-09,6.773,6.928,6.678,6.851,4972.0,0.0,0.0
2018-10-10,6.851,7.333,6.821,7.124,15161.0,0.0,0.0
2018-10-11,6.857,6.898,6.398,6.434,15105.0,0.0,0.0
2018-10-12,6.434,6.434,5.874,6.041,12336.0,0.0,0.0
2018-10-15,6.089,6.327,6.041,6.065,6372.0,0.0,0.0
2018-10-16,5.994,6.166,5.833,5.863,6479.0,0.0,0.0
2018-10-17,6.089,6.101,5.839,5.958,6142.0,0.0,0.0
2018-10-18,5.964,5.982,5.708,5.72,7661.0,0.0,0.0
2018-10-19,5.696,5.874,5.494,5.874,12468.0,0.0,0.0
2018-10-22,6.303,6.398,6.16,6.392,24074.0,0.0,0.0
2018-10-23,6.249,6.291,6.142,6.202,15387.0,0.0,0.0
2018-10-24,6.202,6.273,6.142,6.172,10811.0,0.0,0.0
2018-10-25,6.071,6.124,5.904,6.053,8241.0,0.0,0.0
2018-10-26,6.071,6.22,5.994,6.172,8956.0,0.0,0.0
2018-10-29,6.208,6.214,6.101,6.184,7299.0,0.0,0.0
2018-10-30,6.029,6.279,6.029,6.249,8365.0,0.0,0.0
2018-10-31,6.261,6.886,6.261,6.886,12008.0,0.0,0.0
2018-11-01,7.053,7.589,6.904,7.119,49696.0,0.0,0.0
2018-11-02,7.029,7.303,6.946,7.249,31419.0,0.0,0.0
2018-11-05,7.142,7.184,6.946,7.113,28522.0,0.0,0.0
2018-11-06,7.065,7.089,6.874,7.005,17887.0,0.0,0.0
2018-11-07,7.005,7.077,6.886,6.91,14921.0,0.0,0.0
2018-11-08,6.922,7.035,6.892,6.922,12276.0,0.0,0.0
2018-11-09,6.833,7.113,6.827,7.029,17315.0,0.0,0.0
2018-11-12,7.059,7.107,6.886,7.089,16144.0,0.0,0.0
2018-11-13,6.982,7.809,6.91,7.261,37558.0,0.0,0.0
2018-11-14,7.154,7.255,7.059,7.148,20625.0,0.0,0.0
2018-11-15,7.077,7.249,7.023,7.238,18180.0,0.0,0.0
2018-11-16,7.214,7.261,7.154,7.22,14935.0,0.0,0.0
2018-11-19,7.208,7.749,7.029,7.446,34202.0,0.0,0.0
2018-11-20,7.309,7.44,7.154,7.166,17221.0,0.0,0.0
2018-11-21,7.005,7.309,6.946,7.297,12853.0,0.0,0.0
2018-11-22,7.333,7.738,7.249,7.666,37920.0,0.0,0.0
2018-11-23,7.589,8.41,7.452,8.089,69122.0,0.0,0.0
2018-11-26,7.821,8.494,7.63,8.333,61861.0,0.0,0.0
2018-11-27,8.136,8.303,7.869,8.089,42386.0,0.0,0.0
2018-11-28,7.994,8.047,7.654,7.803,28851.0,0.0,0.0
2018-11-29,7.821,7.988,7.601,7.601,26424.0,0.0,0.0
2018-11-30,7.613,7.619,7.059,7.273,28116.0,0.0,0.0
2018-12-03,7.369,7.488,7.297,7.357,20451.0,0.0,0.0
2018-12-04,7.363,7.672,7.327,7.642,22583.0,0.0,0.0
2018-12-05,7.446,7.511,7.357,7.357,16212.0,0.0,0.0
2018-12-06,7.351,7.428,7.208,7.208,12259.0,0.0,0.0
2018-12-07,7.19,7.363,7.184,7.226,6101.0,0.0,0.0
2018-12-10,7.16,7.505,7.065,7.452,20189.0,0.0,0.0
2018-12-11,7.392,7.601,7.369,7.458,14239.0,0.0,0.0
2018-12-12,7.458,7.523,7.208,7.261,12059.0,0.0,0.0
2018-12-13,7.196,7.339,7.178,7.255,7929.0,0.0,0.0
2018-12-14,7.261,7.303,7.101,7.119,7676.0,0.0,0.0
2018-12-17,6.988,7.238,6.982,7.232,5049.0,0.0,0.0
2018-12-18,7.22,7.452,7.13,7.345,11177.0,0.0,0.0
2018-12-19,7.363,7.363,7.083,7.119,8863.0,0.0,0.0
2018-12-20,7.119,7.291,7.101,7.178,3939.0,0.0,0.0
2018-12-21,7.077,7.261,7.077,7.178,4107.0,0.0,0.0
2018-12-24,7.178,7.238,7.13,7.214,6212.0,0.0,0.0
2018-12-25,7.184,7.184,7.005,7.083,8431.0,0.0,0.0
2018-12-26,7.184,7.267,7.089,7.16,3802.0,0.0,0.0
2018-12-27,7.261,7.261,7.005,7.017,4797.0,0.0,0.0
2018-12-28,7.017,7.154,6.982,7.023,3610.0,0.0,0.0
2019-01-02,7.077,7.19,7.023,7.035,2910.0,0.0,0.0
2019-01-03,7.005,7.136,7.005,7.035,3263.0,0.0,0.0
2019-01-04,7.005,7.178,6.946,7.154,7522.0,0.0,0.0
2019-01-07,7.172,7.327,7.136,7.321,10452.0,0.0,0.0
2019-01-08,7.291,7.434,7.226,7.279,8037.0,0.0,0.0
2019-01-09,7.291,7.392,7.148,7.184,8912.0,0.0,0.0
2019-01-10,7.178,7.249,7.142,7.16,6638.0,0.0,0.0
2019-01-11,7.267,7.273,7.113,7.19,5738.0,0.0,0.0
2019-01-14,7.19,7.327,7.142,7.321,8339.0,0.0,0.0
2019-01-15,7.315,7.398,7.244,7.351,7358.0,0.0,0.0
2019-01-16,7.351,7.351,7.238,7.249,5222.0,0.0,0.0
2019-01-17,7.291,7.291,7.148,7.16,5204.0,0.0,0.0
2019-01-18,7.16,7.196,7.119,7.13,4369.0,0.0,0.0
2019-01-21,7.047,7.202,7.047,7.178,2998.0,0.0,0.0
2019-01-22,7.178,7.291,7.142,7.154,4017.0,0.0,0.0
2019-01-23,7.255,7.255,7.124,7.124,2790.0,0.0,0.0
2019-01-24,7.202,7.202,7.059,7.077,5175.0,0.0,0.0
2019-01-25,7.065,7.285,7.065,7.095,5157.0,0.0,0.0
2019-01-28,7.095,7.202,7.005,7.053,4462.0,0.0,0.0
2019-01-29,7.053,7.184,6.339,6.886,6559.0,0.0,0.0
2019-01-30,6.482,7.005,6.482,6.797,3911.0,0.0,0.0
2019-01-31,6.857,6.934,6.72,6.744,5746.0,0.0,0.0
2019-02-01,6.803,6.886,6.749,6.874,4223.0,0.0,0.0
2019-02-11,7.005,7.303,7.005,7.178,9811.0,0.0,0.0
2019-02-12,7.184,7.285,7.119,7.184,8528.0,0.0,0.0
2019-02-13,7.273,7.434,7.142,7.422,12700.0,0.0,0.0
2019-02-14,7.339,7.404,7.255,7.351,9452.0,0.0,0.0
2019-02-15,7.345,7.345,7.261,7.279,6282.0,0.0,0.0
2019-02-18,7.297,7.88,7.297,7.714,20293.0,0.0,0.0
2019-02-19,7.619,7.66,7.476,7.535,16504.0,0.0,0.0
2019-02-20,7.559,7.559,7.386,7.458,7005.0,0.0,0.0
2019-02-21,7.434,7.529,7.363,7.386,9124.0,0.0,0.0
2019-02-22,7.392,7.767,7.392,7.696,22088.0,0.0,0.0
2019-02-25,7.779,8.464,7.66,8.19,38217.0,0.0,0.0
2019-02-26,8.148,8.148,7.898,7.898,27915.0,0.0,0.0
2019-02-27,7.88,8.041,7.815,7.851,13663.0,0.0,0.0
2019-02-28,7.869,8.011,7.869,7.946,8513.0,0.0,0.0
2019-03-01,7.946,8.035,7.874,7.928,8458.0,0.0,0.0
2019-03-04,8.494,8.494,7.904,7.928,17819.0,0.0,0.0
2019-03-05,7.982,8.148,7.964,8.136,15694.0,0.0,0.0
2019-03-06,8.136,8.273,7.988,8.226,23698.0,0.0,0.0
2019-03-07,8.404,8.41,8.196,8.345,23603.0,0.0,0.0
2019-03-08,8.249,8.267,7.755,7.809,19215.0,0.0,0.0
2019-03-11,7.839,8.184,7.732,8.16,12817.0,0.0,0.0
2019-03-12,8.202,8.672,8.202,8.553,36499.0,0.0,0.0
2019-03-13,8.428,8.511,8.214,8.273,20546.0,0.0,0.0
2019-03-14,8.285,8.285,7.922,7.94,13482.0,0.0,0.0
2019-03-15,7.952,8.172,7.952,8.101,8359.0,0.0,0.0
2019-03-18,8.095,8.779,8.029,8.779,17433.0,0.0,0.0
2019-03-19,8.672,8.696,8.416,8.636,22383.0,0.0,0.0
2019-03-20,8.63,8.732,8.297,8.732,23664.0,0.0,0.0
2019-03-21,8.613,9.565,8.553,9.261,60803.0,0.0,0.0
2019-03-22,9.083,9.214,8.851,9.208,33355.0,0.0,0.0
2019-03-25,8.91,9.059,8.791,8.851,19047.0,0.0,0.0
2019-03-26,8.845,9.142,8.41,8.488,16096.0,0.0,0.0
2019-03-27,8.494,8.952,8.494,8.952,21120.0,0.0,0.0
2019-03-28,8.964,9.065,8.767,8.839,15428.0,0.0,0.0
2019-03-29,8.839,9.059,8.565,9.011,16771.0,0.0,0.0
2019-04-01,8.982,9.541,8.982,9.339,37903.0,0.0,0.0
2019-04-02,9.339,9.476,9.196,9.476,34720.0,0.0,0.0
2019-04-03,9.482,9.779,9.404,9.672,42374.0,0.0,0.0
2019-04-04,9.601,9.744,9.315,9.404,27593.0,0.0,0.0
2019-04-08,9.398,9.476,9.101,9.22,18086.0,0.0,0.0
2019-04-09,9.208,9.565,9.119,9.565,17403.0,0.0,0.0
2019-04-10,9.476,9.892,9.327,9.458,23600.0,0.0,0.0
2019-04-11,9.386,9.565,9.089,9.101,14627.0,0.0,0.0
2019-04-12,9.124,9.476,9.077,9.398,20381.0,0.0,0.0
2019-04-15,9.476,9.476,9.154,9.208,11833.0,0.0,0.0
2019-04-16,9.202,9.363,9.148,9.357,10114.0,0.0,0.0
2019-04-17,9.285,9.434,9.285,9.327,13709.0,0.0,0.0
2019-04-18,9.321,9.386,9.196,9.196,10960.0,0.0,0.0
2019-04-19,9.267,9.315,8.999,9.089,12427.0,0.0,0.0
2019-04-22,9.101,9.202,8.845,8.898,9821.0,0.0,0.0
2019-04-23,8.892,8.964,8.619,8.684,10304.0,0.0,0.0
2019-04-24,8.666,8.94,8.666,8.898,6793.0,0.0,0.0
2019-04-25,8.791,9.041,8.577,8.636,8134.0,0.0,0.0
2019-04-26,8.559,8.892,8.547,8.755,8381.0,0.0,0.0
2019-04-29,8.761,8.779,8.101,8.273,11766.0,0.0,0.0
2019-04-30,8.309,8.642,8.309,8.458,5256.0,0.0,0.0
2019-05-06,8.196,8.428,7.791,7.934,15138.0,0.0,0.0
2019-05-07,8.119,8.363,8.023,8.285,10464.0,0.0,0.0
2019-05-08,8.249,9.119,8.005,8.672,21131.0,0.0,0.0
2019-05-09,8.607,8.714,8.279,8.464,21983.0,0.0,0.0
2019-05-10,8.607,8.72,8.142,8.583,14352.0,0.0,0.0
2019-05-13,8.458,8.63,8.386,8.571,8476.0,0.0,0.0
2019-05-14,8.482,8.559,8.249,8.321,13766.0,0.0,0.0
2019-05-15,8.428,8.553,8.345,8.494,9911.0,0.0,0.0
2019-05-16,8.595,8.666,8.458,8.63,10344.0,0.0,0.0
2019-05-17,8.702,8.702,8.261,8.261,10194.0,0.0,0.0
2019-05-20,8.238,8.541,8.16,8.494,8302.0,0.0,0.0
2019-05-21,8.607,8.607,8.434,8.535,5636.0,0.0,0.0
2019-05-22,8.523,8.63,8.374,8.476,5754.0,0.0,0.0
2019-05-23,8.476,8.488,8.273,8.339,6098.0,0.0,0.0
2019-05-24,8.363,8.452,8.297,8.386,3274.0,0.0,0.0
2019-05-27,8.464,8.601,8.422,8.595,5760.0,0.0,0.0
2019-05-28,8.607,8.648,8.529,8.565,4464.0,0.0,0.0
2019-05-29,8.517,8.619,8.511,8.577,3135.0,0.0,0.0
2019-05-30,8.577,8.619,8.398,8.553,4875.0,0.0,0.0
2019-05-31,8.44,8.565,8.285,8.363,7374.0,0.0,0.0
2019-06-03,8.374,8.494,8.285,8.333,6566.0,0.0,0.0
2019-06-04,8.303,8.38,8.089,8.154,5708.0,0.0,0.0
2019-06-05,8.19,8.351,8.077,8.089,4048.0,0.0,0.0
2019-06-06,8.071,8.113,7.827,7.898,4565.0,0.0,0.0
2019-06-10,7.916,8.249,7.839,8.142,4983.0,0.0,0.0
2019-06-11,8.196,8.434,8.095,8.285,6287.0,0.0,0.0
2019-06-12,8.226,8.351,8.166,8.238,5358.0,0.0,0.0
2019-06-13,8.083,8.315,8.083,8.279,4009.0,0.0,0.0
2019-06-14,8.357,8.386,8.124,8.208,5218.0,0.0,0.0
2019-06-17,8.136,8.249,8.071,8.214,3905.0,0.0,0.0
2019-06-18,8.124,8.208,8.035,8.101,4710.0,0.0,0.0
2019-06-19,8.249,8.416,8.107,8.13,5974.0,0.0,0.0
2019-06-20,8.13,8.285,8.065,8.19,6883.0,0.0,0.0
2019-06-21,8.261,8.607,8.232,8.309,10582.0,0.0,0.0
2019-06-24,8.285,8.476,8.285,8.345,6865.0,0.0,0.0
2019-06-25,8.345,8.547,8.249,8.446,11235.0,0.0,0.0
2019-06-26,8.291,8.369,8.226,8.244,9764.0,0.0,0.0
2019-06-27,8.255,8.369,8.208,8.244,6649.0,0.0,0.0
2019-06-28,8.315,8.315,8.047,8.083,6875.0,0.0,0.0
2019-07-01,8.249,8.255,8.107,8.232,8902.0,0.0,0.0
2019-07-02,8.226,8.261,8.083,8.238,7635.0,0.0,0.0
2019-07-03,8.208,8.303,8.148,8.22,7739.0,0.0,0.0
2019-07-04,8.303,8.303,8.089,8.172,6085.0,0.0,0.0
2019-07-05,8.154,8.273,8.136,8.196,3913.0,0.0,0.0
2019-07-08,8.113,8.244,7.94,8.202,10535.0,0.0,0.0
2019-07-09,8.113,8.238,8.023,8.208,6662.0,0.0,0.0
2019-07-10,8.19,8.196,8.059,8.071,4822.0,0.0,0.0
2019-07-11,8.104,8.342,7.949,7.991,7254.0,0.0,0.0
2019-07-12,7.985,8.05,7.889,7.949,5167.0,0.0,0.0
2019-07-15,7.991,7.996,7.8,7.996,4646.0,0.0,0.0
2019-07-16,7.901,8.3,7.901,8.205,12818.0,0.0,0.0
2019-07-17,8.104,8.401,8.104,8.157,7841.0,0.0,0.0
2019-07-18,8.11,8.246,8.038,8.062,4992.0,0.0,0.0
2019-07-19,8.092,8.336,8.068,8.217,7805.0,0.0,0.0
2019-07-22,8.217,8.3,8.104,8.116,6528.0,0.0,0.0
2019-07-23,8.116,8.199,8.038,8.175,4207.0,0.0,0.0
2019-07-24,8.086,8.241,8.086,8.151,7377.0,0.0,0.0
2019-07-25,8.145,8.175,8.08,8.086,6184.0,0.0,0.0
2019-07-26,8.08,8.092,7.955,7.967,6269.0,0.0,0.0
2019-07-29,7.961,8.258,7.919,8.08,11832.0,0.0,0.0
2019-07-30,8.092,8.205,8.044,8.068,8148.0,0.0,0.0
2019-07-31,8.068,8.104,7.955,7.979,3578.0,0.0,0.0
2019-08-01,7.979,8.074,7.925,8.032,5856.0,0.0,0.0
2019-08-02,7.877,8.098,7.866,7.901,6902.0,0.0,0.0
2019-08-05,7.854,7.937,7.8,7.806,3490.0,0.0,0.0
2019-08-06,7.907,7.907,7.157,7.33,11713.0,0.0,0.0
2019-08-07,7.33,7.574,7.33,7.479,8993.0,0.0,0.0
2019-08-08,7.479,7.532,7.431,7.491,4227.0,0.0,0.0
2019-08-09,7.568,8.157,7.401,7.639,9321.0,0.0,0.0
2019-08-12,7.639,7.717,7.467,7.574,6704.0,0.0,0.0
2019-08-13,7.556,7.651,7.496,7.55,3938.0,0.0,0.0
2019-08-14,7.586,7.693,7.526,7.633,5717.0,0.0,0.0
2019-08-15,7.568,7.61,7.354,7.604,4090.0,0.0,0.0
2019-08-16,7.818,7.848,7.633,7.645,7008.0,0.0,0.0
2019-08-19,7.693,7.776,7.651,7.77,6735.0,0.0,0.0
2019-08-20,7.782,8.032,7.758,7.788,8239.0,0.0,0.0
2019-08-21,7.788,7.895,7.741,7.818,5417.0,0.0,0.0
2019-08-22,7.883,7.883,7.752,7.824,4450.0,0.0,0.0
2019-08-23,7.782,7.907,7.782,7.877,4990.0,0.0,0.0
2019-08-26,7.77,8.139,7.77,7.973,10841.0,0.0,0.0
2019-08-27,7.961,8.086,7.937,7.985,8318.0,0.0,0.0
2019-08-28,7.979,8.056,7.925,8.002,4009.0,0.0,0.0
2019-08-29,8.002,8.086,7.943,8.068,5971.0,0.0,0.0
2019-08-30,8.068,8.258,7.979,8.121,11219.0,0.0,0.0
2019-09-02,8.098,8.366,8.086,8.318,16232.0,0.0,0.0
2019-09-03,8.306,8.8,8.252,8.324,17787.0,0.0,0.0
2019-09-04,8.348,8.383,8.175,8.235,14529.0,0.0,0.0
2019-09-05,8.33,8.693,8.264,8.342,15578.0,0.0,0.0
2019-09-06,8.431,8.562,8.348,8.449,8414.0,0.0,0.0
2019-09-09,8.491,8.598,8.395,8.586,10508.0,0.0,0.0
2019-09-10,8.741,8.741,8.55,8.699,11302.0,0.0,0.0
2019-09-11,8.699,8.782,8.514,8.627,8695.0,0.0,0.0
2019-09-12,8.711,8.711,8.461,8.538,6906.0,0.0,0.0
2019-09-16,8.544,8.663,8.502,8.556,9676.0,0.0,0.0
2019-09-17,8.604,8.604,8.371,8.407,6009.0,0.0,0.0
2019-09-18,8.407,8.485,8.336,8.36,4575.0,0.0,0.0
2019-09-19,8.443,8.443,8.306,8.371,4636.0,0.0,0.0
2019-09-20,8.443,8.562,8.354,8.383,5635.0,0.0,0.0
2019-09-23,8.366,8.366,8.169,8.282,5986.0,0.0,0.0
2019-09-24,8.229,8.36,8.211,8.318,3763.0,0.0,0.0
2019-09-25,8.288,8.33,8.157,8.163,4872.0,0.0,0.0
2019-09-26,8.157,8.217,7.883,8.145,9219.0,0.0,0.0
2019-09-27,8.074,8.627,7.979,8.627,25891.0,0.0,0.0
2019-09-30,8.639,8.681,8.425,8.681,19356.0,0.0,0.0
2019-10-08,8.836,8.943,8.36,8.496,19378.0,0.0,0.0
2019-10-09,8.324,9.36,8.223,9.36,53146.0,0.0,0.0
2019-10-10,9.36,9.633,9.086,9.264,58029.0,0.0,0.0
2019-10-11,9.068,9.223,8.996,9.08,27248.0,0.0,0.0
2019-10-14,9.127,9.276,9.056,9.175,25292.0,0.0,0.0
2019-10-15,9.169,9.169,8.842,8.925,19144.0,0.0,0.0
2019-10-16,8.991,9.074,8.586,8.669,27015.0,0.0,0.0
2019-10-17,8.711,8.741,8.276,8.36,29785.0,0.0,0.0
2019-10-18,8.366,8.419,8.139,8.139,15138.0,0.0,0.0
2019-10-21,8.11,8.306,8.014,8.3,13329.0,0.0,0.0
2019-10-22,8.306,8.491,8.241,8.366,14263.0,0.0,0.0
2019-10-23,8.336,8.455,8.252,8.264,9572.0,0.0,0.0
2019-10-24,8.294,9.104,8.145,8.729,33358.0,0.0,0.0
2019-10-25,8.735,8.86,8.502,8.669,21570.0,0.0,0.0
2019-10-28,9.443,9.443,8.669,9.038,51622.0,0.0,0.0
2019-10-29,8.901,9.377,8.901,9.187,49189.0,0.0,0.0
2019-10-30,9.181,9.187,8.639,8.639,31814.0,0.0,0.0
2019-10-31,9.08,9.514,8.937,9.514,78141.0,0.0,0.0
2019-11-01,9.812,10.479,9.717,10.479,88232.0,0.0,0.0
2019-11-04,11.538,11.538,11.08,11.538,147599.0,0.0,0.0
2019-11-05,11.312,12.086,10.473,10.651,185038.0,0.0,0.0
2019-11-06,10.068,10.324,9.651,9.854,132580.0,0.0,0.0
2019-11-07,9.764,10.199,9.752,10.08,103337.0,0.0,0.0
2019-11-08,9.996,10.348,9.687,9.693,87254.0,0.0,0.0
2019-11-11,9.526,9.877,9.479,9.574,56160.0,0.0,0.0
2019-11-12,9.574,9.669,9.288,9.598,43580.0,0.0,0.0
2019-11-13,9.568,9.568,9.288,9.3,38355.0,0.0,0.0
2019-11-14,9.467,9.514,9.229,9.395,36739.0,0.0,0.0
2019-11-15,9.187,9.306,8.818,8.848,52586.0,0.0,0.0
2019-11-18,8.83,8.985,8.83,8.955,28187.0,0.0,0.0
2019-11-19,9.127,9.246,8.961,9.181,35882.0,0.0,0.0
2019-11-20,9.241,9.241,8.955,8.973,31049.0,0.0,0.0
2019-11-21,9.008,9.461,8.913,9.318,52979.0,0.0,0.0
2019-11-22,9.235,9.889,9.157,9.818,78784.0,0.0,0.0
2019-11-25,9.61,9.913,9.455,9.568,53331.0,0.0,0.0
2019-11-26,9.52,9.61,9.02,9.157,40157.0,0.0,0.0
2019-11-27,9.151,9.413,8.919,9.33,39287.0,0.0,0.0
2019-11-28,9.229,9.991,9.104,9.758,67842.0,0.0,0.0
2019-11-29,9.651,9.77,9.485,9.544,59916.0,0.0,0.0
2019-12-02,9.526,9.526,9.181,9.264,41436.0,0.0,0.0
2019-12-03,9.169,9.461,9.038,9.461,32093.0,0.0,0.0
2019-12-04,9.3,9.461,9.175,9.211,24878.0,0.0,0.0
2019-12-05,9.241,9.336,9.145,9.241,23396.0,0.0,0.0
2019-12-06,9.241,9.252,9.11,9.175,26353.0,0.0,0.0
2019-12-09,9.187,9.675,9.163,9.669,52011.0,0.0,0.0
2019-12-10,9.586,9.681,9.479,9.604,45365.0,0.0,0.0
2019-12-11,9.604,9.913,9.568,9.8,63605.0,0.0,0.0
2019-12-12,9.8,9.889,9.568,9.592,43962.0,0.0,0.0
2019-12-13,9.669,9.77,9.55,9.675,31087.0,0.0,0.0
2019-12-16,9.723,9.842,9.592,9.842,44463.0,0.0,0.0
2019-12-17,9.77,9.979,9.77,9.967,50767.0,0.0,0.0
2019-12-18,9.943,9.996,9.806,9.871,38249.0,0.0,0.0
2019-12-19,9.806,9.955,9.806,9.877,29032.0,0.0,0.0
2019-12-20,9.836,10.407,9.824,10.163,66589.0,0.0,0.0
2019-12-23,10.032,11.074,10.014,10.479,79129.0,0.0,0.0
2019-12-24,10.3,11.312,10.181,11.187,83213.0,0.0,0.0
2019-12-25,11.014,11.062,10.598,10.818,68189.0,0.0,0.0
2019-12-26,10.764,10.794,10.413,10.794,57831.0,0.0,0.0
2019-12-27,10.746,10.764,10.336,10.383,45771.0,0.0,0.0
2019-12-30,10.116,10.324,9.949,10.235,31317.0,0.0,0.0
2019-12-31,10.252,10.729,10.187,10.645,42580.0,0.0,0.0
2020-01-02,10.669,10.764,10.526,10.598,42295.0,0.0,0.0
2020-01-03,10.723,11.252,10.723,10.949,59551.0,0.0,0.0
2020-01-06,10.616,10.925,10.449,10.86,56822.0,0.0,0.0
2020-01-07,10.836,10.836,10.604,10.782,38344.0,0.0,0.0
2020-01-08,10.741,10.782,10.3,10.371,36437.0,0.0,0.0
2020-01-09,10.526,10.681,10.407,10.604,26810.0,0.0,0.0
2020-01-10,10.574,10.645,10.217,10.223,38363.0,0.0,0.0
2020-01-13,10.282,11.258,10.157,11.258,74829.0,0.0,0.0
2020-01-14,11.758,11.913,11.258,11.366,122812.0,0.0,0.0
2020-01-15,11.532,11.604,11.044,11.342,58943.0,0.0,0.0
2020-01-16,11.264,12.074,11.139,11.538,72663.0,0.0,0.0
2020-01-17,11.669,12.491,11.556,11.788,72904.0,0.0,0.0
2020-01-20,11.818,12.425,11.723,12.116,62962.0,0.0,0.0
2020-01-21,12.05,12.074,11.568,11.699,44617.0,0.0,0.0
2020-01-22,11.455,11.967,11.324,11.871,44026.0,0.0,0.0
2020-01-23,11.818,12.104,11.193,11.425,38334.0,0.0,0.0
2020-02-03,10.27,10.27,10.27,10.27,6239.0,0.0,0.0
2020-02-04,9.235,9.842,9.235,9.681,52261.0,0.0,0.0
2020-02-05,9.818,10.389,9.752,10.288,36509.0,0.0,0.0
2020-02-06,10.205,10.877,10.062,10.681,41220.0,0.0,0.0
2020-02-07,10.818,10.937,10.419,10.735,41930.0,0.0,0.0
2020-02-10,10.782,11.27,10.758,11.104,37230.0,0.0,0.0
2020-02-11,11.163,11.61,10.669,10.746,35996.0,0.0,0.0
2020-02-12,10.883,10.883,10.544,10.758,26983.0,0.0,0.0
2020-02-13,10.758,10.943,10.377,10.544,28353.0,0.0,0.0
2020-02-14,10.461,10.598,10.33,10.437,24855.0,0.0,0.0
2020-02-17,10.36,10.723,10.36,10.717,31862.0,0.0,0.0
2020-02-18,10.741,10.883,10.592,10.794,34249.0,0.0,0.0
2020-02-19,10.812,10.812,10.479,10.508,31698.0,0.0,0.0
2020-02-20,10.586,10.842,10.496,10.842,35152.0,0.0,0.0
2020-02-21,10.806,11.419,10.776,11.401,60880.0,0.0,0.0
2020-02-24,11.395,11.699,11.252,11.657,63987.0,0.0,0.0
2020-02-25,11.229,11.431,10.717,11.199,52149.0,0.0,0.0
2020-02-26,10.955,11.473,10.871,10.901,36991.0,0.0,0.0
2020-02-27,11.014,11.121,10.693,10.746,27009.0,0.0,0.0
2020-02-28,10.3,10.52,9.794,9.812,33996.0,0.0,0.0
2020-03-02,9.866,10.407,9.866,10.288,20737.0,0.0,0.0
2020-03-03,10.461,10.669,10.252,10.36,22887.0,0.0,0.0
2020-03-04,10.258,10.461,10.175,10.401,16949.0,0.0,0.0
2020-03-05,10.538,10.669,10.431,10.669,27853.0,0.0,0.0
2020-03-06,10.526,10.574,10.425,10.461,18472.0,0.0,0.0
2020-03-09,10.27,10.294,9.931,9.955,23558.0,0.0,0.0
2020-03-10,9.818,10.145,9.639,10.116,18780.0,0.0,0.0
2020-03-11,10.116,10.211,9.889,9.931,17447.0,0.0,0.0
2020-03-12,9.86,9.913,9.568,9.8,18018.0,0.0,0.0
2020-03-13,9.104,9.556,9.032,9.496,19586.0,0.0,0.0
2020-03-16,9.633,9.764,9.223,9.223,16205.0,0.0,0.0
2020-03-17,9.27,9.693,8.866,9.133,15113.0,0.0,0.0
2020-03-18,9.246,9.336,8.996,8.996,13560.0,0.0,0.0
2020-03-19,8.979,9.11,8.818,9.074,8738.0,0.0,0.0
2020-03-20,9.11,9.157,8.895,9.098,14679.0,0.0,0.0
2020-03-23,8.913,9.008,8.574,8.848,17046.0,0.0,0.0
2020-03-24,8.961,9.068,8.764,8.967,12099.0,0.0,0.0
2020-03-25,9.104,9.276,8.967,9.27,17788.0,0.0,0.0
2020-03-26,9.211,9.461,9.116,9.354,15051.0,0.0,0.0
2020-03-27,9.395,9.538,9.336,9.502,14697.0,0.0,0.0
2020-03-30,9.312,9.681,9.306,9.604,19164.0,0.0,0.0
2020-03-31,9.485,9.663,9.473,9.627,15939.0,0.0,0.0
2020-04-01,9.562,9.604,9.407,9.443,12774.0,0.0,0.0
2020-04-02,9.407,9.913,9.3,9.699,21901.0,0.0,0.0
2020-04-03,9.633,9.866,9.449,9.467,18728.0,0.0,0.0
2020-04-07,9.586,9.687,9.508,9.657,27121.0,0.0,0.0
2020-04-08,9.645,9.877,9.562,9.842,21312.0,0.0,0.0
2020-04-09,9.866,10.032,9.735,9.979,18531.0,0.0,0.0
2020-04-10,9.979,9.979,9.407,9.443,25501.0,0.0,0.0
2020-04-13,9.437,9.693,9.169,9.687,13870.0,0.0,0.0
2020-04-14,9.764,9.848,9.586,9.824,12935.0,0.0,0.0
2020-04-15,9.746,10.032,9.746,9.86,18584.0,0.0,0.0
2020-04-16,9.883,10.151,9.651,10.086,28685.0,0.0,0.0
2020-04-17,10.05,10.205,9.866,9.955,22999.0,0.0,0.0
2020-04-20,9.961,9.961,9.741,9.871,14229.0,0.0,0.0
2020-04-21,9.871,10.419,9.848,10.127,33895.0,0.0,0.0
2020-04-22,10.133,10.395,10.044,10.312,30428.0,0.0,0.0
2020-04-23,10.324,10.663,10.169,10.383,40080.0,0.0,0.0
2020-04-24,10.455,10.592,10.169,10.336,30879.0,0.0,0.0
2020-04-27,10.366,10.377,9.955,9.991,22346.0,0.0,0.0
2020-04-28,10.02,10.02,9.116,9.645,19934.0,0.0,0.0
2020-04-29,9.544,9.675,9.485,9.568,9950.0,0.0,0.0
2020-04-30,9.717,10.02,9.502,9.949,20564.0,0.0,0.0
2020-05-06,9.687,9.824,9.616,9.812,22765.0,0.0,0.0
2020-05-07,9.782,10.002,9.681,9.848,18241.0,0.0,0.0
2020-05-08,9.895,9.907,9.764,9.812,16281.0,0.0,0.0
2020-05-11,9.8,9.907,9.461,9.633,20097.0,0.0,0.0
2020-05-12,9.633,9.735,9.52,9.717,11950.0,0.0,0.0
2020-05-13,9.663,9.752,9.574,9.681,7111.0,0.0,0.0
2020-05-14,9.693,9.871,9.514,9.699,15095.0,0.0,0.0
2020-05-15,9.663,9.746,9.568,9.621,9457.0,0.0,0.0
2020-05-18,9.532,9.669,9.437,9.473,13836.0,0.0,0.0
2020-05-19,9.514,9.633,9.479,9.592,11735.0,0.0,0.0
2020-05-20,9.496,9.705,9.496,9.651,12580.0,0.0,0.0
2020-05-21,9.657,9.764,9.562,9.592,10548.0,0.0,0.0
2020-05-22,9.604,9.681,9.395,9.479,8373.0,0.0,0.0
2020-05-25,9.562,9.913,9.276,9.8,20318.0,0.0,0.0
2020-05-26,9.794,10.08,9.705,9.758,20516.0,0.0,0.0
2020-05-27,9.794,10.002,9.717,9.746,18894.0,0.0,0.0
2020-05-28,9.693,9.752,9.407,9.568,16796.0,0.0,0.0
2020-05-29,9.502,9.883,9.496,9.604,25857.0,0.0,0.0
2020-06-01,9.645,10.574,9.645,10.574,91346.0,0.0,0.0
2020-06-02,10.485,10.52,10.151,10.258,88231.0,0.0,0.0
2020-06-03,10.306,11.294,10.187,11.014,118398.0,0.0,0.0
2020-06-04,10.895,10.907,10.491,10.61,62652.0,0.0,0.0
2020-06-05,10.538,10.538,10.116,10.288,46527.0,0.0,0.0
2020-06-08,10.473,11.33,10.473,11.33,123732.0,0.0,0.0
2020-06-09,11.996,12.473,11.788,12.473,68210.0,0.0,0.0
2020-06-10,12.11,12.235,11.473,12.026,126771.0,0.0,0.0
2020-06-11,11.675,11.991,11.598,11.895,77040.0,0.0,0.0
2020-06-12,11.467,11.788,11.163,11.782,66522.0,0.0,0.0
2020-06-15,11.496,12.633,11.449,11.961,85754.0,0.0,0.0
2020-06-16,11.913,12.556,11.598,11.782,68704.0,0.0,0.0
2020-06-17,11.848,12.133,11.229,12.127,67716.0,0.0,0.0
2020-06-18,12.098,13.354,11.973,12.729,111209.0,0.0,0.0
2020-06-19,12.383,12.711,12.145,12.407,72358.0,0.0,0.0
2020-06-22,12.235,12.842,11.877,12.842,77175.0,0.0,0.0
2020-06-23,13.55,14.139,12.33,12.413,128051.0,0.0,0.0
2020-06-24,11.556,11.967,11.55,11.77,88189.0,0.0,0.0
2020-06-29,11.491,11.621,11.246,11.246,46606.0,0.0,0.0
2020-06-30,11.354,11.461,11.092,11.443,39327.0,0.0,0.0
2020-07-01,11.467,11.657,11.181,11.318,41039.0,0.0,0.0
2020-07-02,11.354,11.383,11.163,11.246,31395.0,0.0,0.0
2020-07-03,11.205,11.348,11.169,11.342,27437.0,0.0,0.0
2020-07-06,11.401,11.729,11.241,11.681,47973.0,0.0,0.0
2020-07-07,11.741,12.276,11.461,12.116,67522.0,0.0,0.0
2020-07-08,11.996,12.377,11.979,12.312,54875.0,0.0,0.0
2020-07-09,12.312,12.621,12.026,12.377,54988.0,0.0,0.0
2020-07-10,12.282,13.151,12.145,12.842,60362.0,0.0,0.0
2020-07-13,12.895,13.55,12.681,13.526,51510.0,0.0,0.0
2020-07-14,13.514,13.514,12.657,13.321,70032.0,0.0,0.0
2020-07-15,13.207,14.007,12.571,12.586,81589.0,0.0,0.0
2020-07-16,12.636,12.907,11.707,11.757,47562.0,0.0,0.0
2020-07-17,11.736,12.221,11.514,12.157,33937.0,0.0,0.0
2020-07-20,12.236,12.436,12.114,12.393,29863.0,0.0,0.0
2020-07-21,12.407,12.507,12.086,12.307,23662.0,0.0,0.0
2020-07-22,12.257,12.586,12.086,12.336,33789.0,0.0,0.0
2020-07-23,12.264,12.271,11.729,12.043,34384.0,0.0,0.0
2020-07-24,12.036,12.6,11.814,11.971,50343.0,0.0,0.0
2020-07-27,11.964,12.05,11.364,11.421,31813.0,0.0,0.0
2020-07-28,11.529,12.571,11.529,12.571,54597.0,0.0,0.0
2020-07-29,13.386,13.386,12.514,12.857,85879.0,0.0,0.0
2020-07-30,13.014,13.764,12.864,12.986,93874.0,0.0,0.0
2020-07-31,12.843,14.293,12.693,14.293,134941.0,0.0,0.0
2020-08-03,15.729,15.729,15.379,15.729,56300.0,0.0,0.0
2020-08-04,17.3,17.307,15.807,17.307,126154.0,0.0,0.0
2020-08-05,18.979,18.979,16.957,17.129,241198.0,0.0,0.0
2020-08-06,16.1,16.914,15.407,15.521,174747.0,0.0,0.0
2020-08-07,15.164,15.3,14.379,14.921,119258.0,0.0,0.0
2020-08-10,14.593,14.657,14.143,14.3,78456.0,0.0,0.0
2020-08-11,14.379,14.5,13.614,13.864,71699.0,0.0,0.0
2020-08-12,13.836,13.907,13.05,13.4,69740.0,0.0,0.0
2020-08-13,13.429,13.693,13.286,13.45,53033.0,0.0,0.0
2020-08-14,13.371,13.571,13.043,13.571,53130.0,0.0,0.0
2020-08-17,13.643,13.929,13.371,13.829,63748.0,0.0,0.0
2020-08-18,13.8,15.157,13.564,15.05,116306.0,0.0,0.0
2020-08-19,14.464,14.7,14.071,14.107,79977.0,0.0,0.0
2020-08-20,13.786,14.65,13.436,14.229,64121.0,0.0,0.0
2020-08-21,14.086,14.729,14.086,14.243,54339.0,0.0,0.0
2020-08-24,14.186,14.207,13.729,13.843,38880.0,0.0,0.0
2020-08-25,13.871,14.121,13.521,13.793,48196.0,0.0,0.0
2020-08-26,13.657,13.771,12.9,13.0,49130.0,0.0,0.0
2020-08-27,13.071,13.321,12.95,13.25,26827.0,0.0,0.0
2020-08-28,13.364,13.364,13.014,13.3,27295.0,0.0,0.0
2020-08-31,13.243,13.579,13.243,13.336,29577.0,0.0,0.0
2020-09-01,13.279,13.557,13.086,13.529,26460.0,0.0,0.0
2020-09-02,13.443,13.571,13.307,13.429,22679.0,0.0,0.0
2020-09-03,13.364,13.429,13.093,13.179,24824.0,0.0,0.0
2020-09-04,12.893,13.286,12.75,13.25,22764.0,0.0,0.0
2020-09-07,13.229,13.443,12.871,12.871,24909.0,0.0,0.0
2020-09-08,12.943,13.05,12.493,12.664,27065.0,0.0,0.0
2020-09-09,12.671,12.793,11.943,12.036,33464.0,0.0,0.0
2020-09-10,12.093,12.229,11.586,11.75,22524.0,0.0,0.0
2020-09-11,11.621,12.221,11.607,12.079,22868.0,0.0,0.0
2020-09-14,12.043,12.307,11.979,12.221,15367.0,0.0,0.0
2020-09-15,12.393,12.693,12.143,12.357,32925.0,0.0,0.0
2020-09-16,12.179,12.364,12.114,12.157,16860.0,0.0,0.0
2020-09-17,12.143,12.436,11.907,12.264,20966.0,0.0,0.0
2020-09-18,12.421,12.571,12.264,12.514,23875.0,0.0,0.0
2020-09-21,12.793,13.293,12.6,12.979,54515.0,0.0,0.0
2020-09-22,12.75,13.007,12.514,12.579,30042.0,0.0,0.0
2020-09-23,12.536,12.671,12.436,12.557,22860.0,0.0,0.0
2020-09-24,12.443,12.443,12.157,12.164,18941.0,0.0,0.0
2020-09-25,12.164,12.921,12.05,12.7,47666.0,0.0,0.0
2020-09-28,12.693,13.014,12.343,12.393,43931.0,0.0,0.0
2020-09-29,12.621,12.721,12.264,12.664,34163.0,0.0,0.0
2020-09-30,13.029,13.936,12.9,13.407,95485.0,0.0,0.0
2020-10-09,13.207,13.936,12.893,13.907,103438.0,0.0,0.0
2020-10-12,13.621,14.0,13.429,13.843,81571.0,0.0,0.0
2020-10-13,13.693,14.436,13.536,13.857,77828.0,0.0,0.0
2020-10-14,13.857,13.871,13.371,13.514,47635.0,0.0,0.0
2020-10-15,13.479,13.693,13.321,13.657,33377.0,0.0,0.0
2020-10-16,13.571,13.779,13.464,13.621,25874.0,0.0,0.0
2020-10-19,13.736,14.143,13.643,14.121,58810.0,0.0,0.0
2020-10-20,14.157,14.214,13.821,14.121,42663.0,0.0,0.0
2020-10-21,14.25,14.771,14.029,14.621,83139.0,0.0,0.0
2020-10-22,14.336,14.479,14.086,14.171,46618.0,0.0,0.0
2020-10-23,14.3,14.336,13.407,13.457,52181.0,0.0,0.0
2020-10-26,13.407,13.486,12.929,13.307,27850.0,0.0,0.0
2020-10-27,13.336,13.429,13.057,13.321,20262.0,0.0,0.0
2020-10-28,13.293,13.321,13.0,13.214,20199.0,0.0,0.0
2020-10-29,12.921,13.207,12.914,13.086,17870.0,0.0,0.0
2020-10-30,13.0,13.1,12.286,12.286,33414.0,0.0,0.0
2020-11-02,12.357,12.593,12.114,12.471,17261.0,0.0,0.0
2020-11-03,12.479,12.679,12.364,12.643,16633.0,0.0,0.0
2020-11-04,12.657,12.779,12.407,12.536,13736.0,0.0,0.0
2020-11-05,12.729,12.771,12.536,12.614,17095.0,0.0,0.0
2020-11-06,12.893,13.171,12.686,12.864,29276.0,0.0,0.0
2020-11-09,13.014,13.043,12.814,13.0,25854.0,0.0,0.0
2020-11-10,13.371,13.386,12.893,13.057,24711.0,0.0,0.0
2020-11-11,13.029,13.136,12.614,12.614,18065.0,0.0,0.0
2020-11-12,12.586,12.893,12.586,12.643,12377.0,0.0,0.0
2020-11-13,13.914,13.914,13.229,13.236,60009.0,0.0,0.0
2020-11-16,12.7,13.157,12.579,12.857,37957.0,0.0,0.0
2020-11-17,12.693,12.821,12.386,12.464,25566.0,0.0,0.0
2020-11-18,12.407,12.65,12.343,12.55,16119.0,0.0,0.0
2020-11-19,12.493,12.586,12.407,12.564,11407.0,0.0,0.0
2020-11-20,12.529,12.621,12.443,12.543,9092.0,0.0,0.0
2020-11-23,12.507,12.536,12.193,12.393,19057.0,0.0,0.0
2020-11-24,12.393,12.457,12.164,12.2,16116.0,0.0,0.0
2020-11-25,12.207,12.514,12.05,12.336,23311.0,0.0,0.0
2020-11-26,12.357,12.357,12.086,12.093,15040.0,0.0,0.0
2020-11-27,12.121,12.15,11.979,12.086,7918.0,0.0,0.0
2020-11-30,12.114,12.286,12.036,12.1,9422.0,0.0,0.0
2020-12-01,12.079,12.271,12.0,12.214,10404.0,0.0,0.0
2020-12-02,12.121,12.229,12.086,12.15,10619.0,0.0,0.0
2020-12-03,12.193,12.657,12.129,12.443,29343.0,0.0,0.0
2020-12-04,12.357,12.7,12.143,12.507,23167.0,0.0,0.0
2020-12-07,12.486,12.621,12.293,12.35,17037.0,0.0,0.0
2020-12-08,12.343,12.4,12.1,12.114,14912.0,0.0,0.0
2020-12-09,12.121,12.407,12.121,12.343,17423.0,0.0,0.0
2020-12-10,12.443,13.586,12.186,13.586,113811.0,0.0,0.0
2020-12-11,13.979,14.593,13.393,13.757,151568.0,0.0,0.0
2020-12-14,13.657,14.221,13.007,13.779,91865.0,0.0,0.0
2020-12-15,13.436,13.657,13.2,13.607,62375.0,0.0,0.0
2020-12-16,13.443,14.0,13.236,13.907,80961.0,0.0,0.0
2020-12-17,13.971,14.214,13.514,13.729,60840.0,0.0,0.0
2020-12-18,13.521,14.207,13.35,14.136,77223.0,0.0,0.0
2020-12-21,14.129,14.421,13.8,14.071,54954.0,0.0,0.0
2020-12-22,13.793,14.436,13.736,13.993,81288.0,0.0,0.0
2020-12-23,13.8,13.864,13.243,13.786,69184.0,0.0,0.0
2020-12-24,13.65,15.171,13.643,15.171,134562.0,0.0,0.0
2020-12-25,14.807,15.907,14.564,14.929,140889.0,0.0,0.0
2020-12-28,14.871,15.857,14.679,15.279,100555.0,0.0,0.0
2020-12-29,14.943,15.514,14.157,14.8,79151.0,0.0,0.0
2020-12-30,14.529,15.243,14.171,14.686,64163.0,0.0,0.0
2020-12-31,14.586,15.407,14.3,14.936,68003.0,0.0,0.0
2021-01-04,14.943,15.057,14.443,14.5,68234.0,0.0,0.0
2021-01-05,14.429,14.657,13.693,13.829,71343.0,0.0,0.0
2021-01-06,13.829,14.929,13.671,14.514,64615.0,0.0,0.0
2021-01-07,14.221,14.221,13.129,13.243,70437.0,0.0,0.0
2021-01-08,13.071,13.193,12.579,12.9,39990.0,0.0,0.0
2021-01-11,13.014,13.514,12.807,13.143,38946.0,0.0,0.0
2021-01-12,13.143,13.286,12.721,12.979,28486.0,0.0,0.0
2021-01-13,12.914,12.914,12.3,12.307,38383.0,0.0,0.0
2021-01-14,12.8,13.543,12.586,13.543,60134.0,0.0,0.0
2021-01-15,13.671,14.071,13.514,13.657,73775.0,0.0,0.0
2021-01-18,13.5,14.579,13.379,14.243,74357.0,0.0,0.0
2021-01-19,14.464,14.914,14.236,14.536,83256.0,0.0,0.0
2021-01-20,14.2,14.521,14.071,14.371,52422.0,0.0,0.0
2021-01-21,14.229,14.743,14.221,14.371,50771.0,0.0,0.0
2021-01-22,14.371,14.371,13.993,14.136,43822.0,0.0,0.0
2021-01-25,13.921,14.193,13.536,13.571,43929.0,0.0,0.0
2021-01-26,13.507,13.514,12.964,13.314,33952.0,0.0,0.0
2021-01-27,13.307,14.143,13.121,13.979,46151.0,0.0,0.0
2021-01-28,13.657,13.829,12.964,12.993,41827.0,0.0,0.0
2021-01-29,13.05,13.321,12.693,12.836,33817.0,0.0,0.0
2021-02-01,12.729,12.936,12.536,12.886,26013.0,0.0,0.0
2021-02-02,12.8,13.214,12.65,13.043,24019.0,0.0,0.0
2021-02-03,13.021,13.021,12.586,12.664,22200.0,0.0,0.0
2021-02-04,12.814,13.179,12.671,13.064,38150.0,0.0,0.0
2021-02-05,13.086,14.379,12.807,14.014,83418.0,0.0,0.0
2021-02-08,13.879,13.929,13.2,13.479,57863.0,0.0,0.0
2021-02-09,13.507,13.614,13.214,13.464,40076.0,0.0,0.0
2021-02-10,13.386,13.636,13.029,13.293,41529.0,0.0,0.0
2021-02-18,13.336,14.086,13.229,13.771,52474.0,0.0,0.0
2021-02-19,13.571,14.179,13.486,13.964,49133.0,0.0,0.0
2021-02-22,14.007,14.407,13.65,13.864,66175.0,0.0,0.0
2021-02-23,13.814,13.907,13.429,13.771,39213.0,0.0,0.0
2021-02-24,13.986,14.536,13.871,14.071,64296.0,0.0,0.0
2021-02-25,13.764,14.607,13.557,14.529,71071.0,0.0,0.0
2021-02-26,14.229,14.9,14.157,14.414,63015.0,0.0,0.0
2021-03-01,14.336,14.686,14.071,14.579,46681.0,0.0,0.0
2021-03-02,14.443,14.836,14.264,14.636,50793.0,0.0,0.0
2021-03-03,14.643,15.757,14.414,15.164,76283.0,0.0,0.0
2021-03-04,14.943,15.157,14.3,14.35,56894.0,0.0,0.0
2021-03-05,14.264,15.3,14.107,15.114,59435.0,0.0,0.0
2021-03-08,14.943,15.514,14.807,14.971,58177.0,0.0,0.0
2021-03-09,14.893,15.486,14.707,15.071,59948.0,0.0,0.0
2021-03-10,14.786,14.979,14.086,14.486,50966.0,0.0,0.0
2021-03-11,14.571,14.843,14.343,14.679,32054.0,0.0,0.0
2021-03-12,14.536,14.721,14.143,14.536,37276.0,0.0,0.0
2021-03-15,14.493,15.993,14.414,15.479,92157.0,0.0,0.0
2021-03-16,15.336,15.55,15.036,15.493,49722.0,0.0,0.0
2021-03-17,15.257,15.786,15.157,15.629,42194.0,0.0,0.0
2021-03-18,15.521,16.171,15.314,15.686,58332.0,0.0,0.0
2021-03-19,15.343,15.543,15.171,15.257,31623.0,0.0,0.0
2021-03-22,15.4,15.836,15.036,15.586,35299.0,0.0,0.0
2021-03-23,15.586,16.079,15.136,15.136,44772.0,0.0,0.0
2021-03-24,14.879,15.014,14.457,14.507,41293.0,0.0,0.0
2021-03-25,14.286,14.621,14.236,14.393,21783.0,0.0,0.0
2021-03-26,14.386,14.871,14.371,14.671,27631.0,0.0,0.0
2021-03-29,14.821,15.279,14.657,14.686,29779.0,0.0,0.0
2021-03-30,14.686,14.686,14.314,14.5,20345.0,0.0,0.0
2021-03-31,14.6,14.821,14.386,14.729,24781.0,0.0,0.0
2021-04-01,14.743,15.014,14.65,14.743,20092.0,0.0,0.0
2021-04-02,14.614,15.114,14.614,15.086,27626.0,0.0,0.0
2021-04-06,15.086,15.407,14.979,15.029,25714.0,0.0,0.0
2021-04-07,14.957,15.343,14.95,15.25,22700.0,0.0,0.0
2021-04-08,15.221,15.5,15.014,15.264,27047.0,0.0,0.0
2021-04-09,15.3,15.486,15.086,15.429,22459.0,0.0,0.0
2021-04-12,15.5,15.5,14.629,14.736,34367.0,0.0,0.0
2021-04-13,14.721,14.857,14.407,14.736,20060.0,0.0,0.0
2021-04-14,14.729,15.629,14.486,15.557,43960.0,0.0,0.0
2021-04-15,15.379,15.45,14.593,15.264,53496.0,0.0,0.0
2021-04-16,15.364,15.429,14.8,15.007,42832.0,0.0,0.0
2021-04-19,15.007,15.186,14.771,15.021,26013.0,0.0,0.0
2021-04-20,15.057,15.714,14.871,15.35,45254.0,0.0,0.0
2021-04-21,15.35,15.95,15.257,15.714,48600.0,0.0,0.0
2021-04-22,15.6,16.071,15.514,15.729,36670.0,0.0,0.0
2021-04-23,15.579,16.086,15.45,16.043,43789.0,0.0,0.0
2021-04-26,16.236,16.364,15.643,15.929,54139.0,0.0,0.0
2021-04-27,15.671,15.893,15.507,15.714,30421.0,0.0,0.0
2021-04-28,15.571,16.057,15.336,16.007,46242.0,0.0,0.0
2021-04-29,16.0,16.0,15.529,15.529,34820.0,0.0,0.0
2021-04-30,15.307,15.357,14.771,15.021,31450.0,0.0,0.0
2021-05-06,14.986,15.157,14.086,14.336,40876.0,0.0,0.0
2021-05-07,14.243,14.414,14.057,14.057,20949.0,0.0,0.0
2021-05-10,14.157,14.407,14.121,14.286,18037.0,0.0,0.0
2021-05-11,14.229,14.286,13.75,13.829,22893.0,0.0,0.0
2021-05-12,13.893,14.65,13.629,14.271,20787.0,0.0,0.0
2021-05-13,14.336,14.436,14.129,14.157,13556.0,0.0,0.0
2021-05-14,14.271,14.664,14.186,14.379,17565.0,0.0,0.0
2021-05-17,14.379,14.436,14.221,14.364,12383.0,0.0,0.0
2021-05-18,14.493,14.493,14.236,14.243,13823.0,0.0,0.0
2021-05-19,14.3,14.3,13.964,14.121,18312.0,0.0,0.0
2021-05-20,14.121,14.15,13.693,13.814,15411.0,0.0,0.0
2021-05-21,13.907,14.093,13.8,14.05,11029.0,0.0,0.0
2021-05-24,14.093,14.371,13.657,14.264,13495.0,0.0,0.0
2021-05-25,14.379,14.586,14.271,14.471,19566.0,0.0,0.0
2021-05-26,14.629,14.893,14.443,14.471,24755.0,0.0,0.0
2021-05-27,14.6,14.6,14.25,14.41,21748.0,0.0,0.0
2021-05-28,14.54,14.56,14.18,14.27,21288.0,0.0,0.0
2021-05-31,14.42,14.88,14.1,14.64,32404.0,0.0,0.0
2021-06-01,14.76,14.93,14.45,14.83,35899.0,0.0,0.0
2021-06-02,15.0,15.08,14.55,14.59,32546.0,0.0,0.0
2021-06-03,14.57,14.69,14.25,14.35,27454.0,0.0,0.0
2021-06-04,14.31,14.49,14.17,14.39,19862.0,0.0,0.0
2021-06-07,14.4,14.47,14.11,14.26,19146.0,0.0,0.0
2021-06-08,14.26,14.34,14.04,14.1,16561.0,0.0,0.0
2021-06-09,14.63,14.9,14.34,14.67,56265.0,0.0,0.0
2021-06-10,14.68,15.29,14.68,15.1,66217.0,0.0,0.0
2021-06-11,15.38,15.38,14.5,14.55,34530.0,0.0,0.0
2021-06-15,14.46,14.53,14.06,14.1,22926.0,0.0,0.0
2021-06-16,14.09,14.17,13.94,13.95,16404.0,0.0,0.0
2021-06-17,13.92,14.09,13.91,14.04,12733.0,0.0,0.0
2021-06-18,14.1,14.1,13.68,13.69,24122.0,0.0,0.0
2021-06-21,13.6,14.08,13.4,13.94,17200.0,0.0,0.0
2021-06-22,13.94,14.29,13.92,14.18,23030.0,0.0,0.0
2021-06-23,14.22,14.26,14.01,14.07,13868.0,0.0,0.0
2021-06-24,13.93,14.07,13.62,13.63,19952.0,0.0,0.0
2021-06-25,13.68,13.8,13.47,13.73,14214.0,0.0,0.0
2021-06-28,13.78,13.89,13.69,13.76,12479.0,0.0,0.0
2021-06-29,13.8,13.8,13.48,13.49,14909.0,0.0,0.0
2021-06-30,13.41,13.79,13.38,13.73,16913.0,0.0,0.0
2021-07-01,13.73,13.78,13.4,13.42,15920.0,0.0,0.0
2021-07-02,13.37,13.43,13.06,13.1,19255.0,0.0,0.0
2021-07-05,13.1,13.43,13.08,13.18,16781.0,0.0,0.0
2021-07-06,13.22,13.32,13.13,13.31,9378.0,0.0,0.0
2021-07-07,13.35,13.35,13.16,13.18,7766.0,0.0,0.0
2021-07-08,13.22,13.28,13.02,13.18,14683.0,0.0,0.0
2021-07-09,13.17,13.27,13.0,13.25,18348.0,0.0,0.0
2021-07-12,13.29,13.51,13.28,13.37,21255.0,0.0,0.0
2021-07-13,13.4,13.76,13.4,13.76,35287.0,0.0,0.0
2021-07-14,13.77,14.07,13.69,13.88,36416.0,0.0,0.0
2021-07-15,14.18,14.32,13.85,13.88,48961.0,0.0,0.0
2021-07-16,13.89,14.18,13.88,14.09,22517.0,0.0,0.0
2021-07-19,14.09,14.23,13.68,14.11,20474.0,0.0,0.0
2021-07-20,14.0,14.25,13.83,13.96,20998.0,0.0,0.0
2021-07-21,13.96,14.16,13.9,13.94,21837.0,0.0,0.0
2021-07-22,13.92,14.09,13.8,13.83,21081.0,0.0,0.0
2021-07-23,13.82,13.96,13.35,13.36,22756.0,0.0,0.0
2021-07-26,13.33,13.54,13.07,13.18,17853.0,0.0,0.0
2021-07-27,13.2,13.27,12.78,12.78,24728.0,0.0,0.0
2021-07-28,13.0,13.35,12.0,13.21,50313.0,0.0,0.0
2021-07-29,13.23,13.24,13.04,13.1,36720.0,0.0,0.0
2021-07-30,13.04,13.32,13.01,13.27,38325.0,0.0,0.0
2021-08-02,13.27,13.37,13.09,13.35,24185.0,0.0,0.0
2021-08-03,13.48,13.48,13.2,13.33,17051.0,0.0,0.0
2021-08-04,13.32,13.33,13.1,13.14,19121.0,0.0,0.0
2021-08-05,13.14,13.23,13.06,13.15,18803.0,0.0,0.0
2021-08-06,13.1,13.36,12.96,13.18,26793.0,0.0,0.0
2021-08-09,13.24,13.41,13.2,13.27,19935.0,0.0,0.0
2021-08-10,13.27,13.35,13.1,13.3,21576.0,0.0,0.0
2021-08-11,13.4,13.79,13.21,13.5,33283.0,0.0,0.0
2021-08-12,13.52,13.55,13.2,13.42,30970.0,0.0,0.0
2021-08-13,13.42,13.42,13.09,13.21,19346.0,0.0,0.0
2021-08-16,13.25,13.31,13.09,13.21,15458.0,0.0,0.0
2021-08-17,13.23,13.76,13.1,13.52,53669.0,0.0,0.0
2021-08-18,13.47,13.72,13.2,13.46,39061.0,0.0,0.0
2021-08-19,13.45,13.54,13.27,13.49,15379.0,0.0,0.0
2021-08-20,13.41,13.55,13.3,13.45,20194.0,0.0,0.0
2021-08-23,13.4,13.97,13.39,13.8,49910.0,0.0,0.0
2021-08-24,13.8,14.11,13.73,14.02,38714.0,0.0,0.0
2021-08-25,13.99,14.13,13.81,13.9,21871.0,0.0,0.0
2021-08-26,14.18,14.18,13.8,14.08,24687.0,0.0,0.0
2021-08-27,13.84,14.33,13.84,14.27,37459.0,0.0,0.0
2021-08-30,14.24,14.49,14.15,14.16,31814.0,0.0,0.0
2021-08-31,14.16,14.2,13.81,13.93,69043.0,0.0,0.0
2021-09-01,14.08,14.08,12.99,14.07,84399.0,0.0,0.0
2021-09-02,13.87,14.58,13.77,14.46,62697.0,0.0,0.0
2021-09-03,14.46,14.75,14.35,14.41,30611.0,0.0,0.0
2021-09-06,14.35,14.55,14.13,14.34,30404.0,0.0,0.0
2021-09-07,14.56,14.58,14.24,14.29,25068.0,0.0,0.0
2021-09-08,14.29,14.29,14.0,14.07,34116.0,0.0,0.0
2021-09-09,14.05,14.13,13.63,13.83,41331.0,0.0,0.0
2021-09-10,13.85,14.21,13.69,14.01,34494.0,0.0,0.0
2021-09-13,14.06,14.13,13.77,13.9,27689.0,0.0,0.0
2021-09-14,13.86,14.74,13.7,13.92,48122.0,0.0,0.0
2021-09-15,13.81,14.0,13.45,13.53,32106.0,0.0,0.0
2021-09-16,13.47,13.76,13.35,13.5,26240.0,0.0,0.0
2021-09-17,13.31,13.51,13.21,13.38,14077.0,0.0,0.0
2021-09-22,13.3,13.36,12.88,13.14,27132.0,0.0,0.0
2021-09-23,13.14,13.37,12.96,13.17,37838.0,0.0,0.0
2021-09-24,13.2,13.2,12.6,12.68,29925.0,0.0,0.0
2021-09-27,12.63,12.75,12.05,12.2,32602.0,0.0,0.0
2021-09-28,12.28,12.32,12.05,12.06,14148.0,0.0,0.0
2021-09-29,12.06,12.18,11.77,11.91,15324.0,0.0,0.0
2021-09-30,12.15,12.15,11.76,11.99,13382.0,0.0,0.0
2021-10-08,12.07,12.4,12.07,12.23,13623.0,0.0,0.0
2021-10-11,12.23,12.38,12.19,12.22,9084.0,0.0,0.0
2021-10-12,12.34,12.34,11.95,11.99,14756.0,0.0,0.0
2021-10-13,11.99,12.16,11.89,12.01,8280.0,0.0,0.0
2021-10-14,12.01,12.29,11.95,12.18,8957.0,0.0,0.0
2021-10-15,12.01,12.15,11.89,11.91,14976.0,0.0,0.0
2021-10-18,11.91,12.43,11.6,12.29,22598.0,0.0,0.0
2021-10-19,12.24,12.44,12.16,12.31,9948.0,0.0,0.0
2021-10-20,12.38,12.38,12.17,12.19,6239.0,0.0,0.0
2021-10-21,12.29,12.29,11.85,11.95,14291.0,0.0,0.0
2021-10-22,11.95,12.23,11.8,11.82,15340.0,0.0,0.0
2021-10-25,11.72,11.97,11.6,11.8,11604.0,0.0,0.0
2021-10-26,11.8,11.8,11.53,11.6,18619.0,0.0,0.0
2021-10-27,11.55,11.6,10.9,11.02,28701.0,0.0,0.0
2021-10-28,11.02,11.08,10.48,10.52,30694.0,0.0,0.0
2021-10-29,10.53,10.83,10.47,10.71,23255.0,0.0,0.0
2021-11-01,10.8,10.84,10.57,10.7,23146.0,0.0,0.0
2021-11-02,10.77,10.85,10.3,10.42,23523.0,0.0,0.0
2021-11-03,10.55,10.61,10.38,10.48,16633.0,0.0,0.0
2021-11-04,10.5,10.65,10.42,10.56,16152.0,0.0,0.0
2021-11-05,10.6,10.68,10.43,10.46,19532.0,0.0,0.0
2021-11-08,10.5,10.6,10.43,10.59,14938.0,0.0,0.0
2021-11-09,10.69,10.69,10.47,10.62,11307.0,0.0,0.0
2021-11-10,10.75,10.75,10.45,10.61,16709.0,0.0,0.0
2021-11-11,10.64,10.75,10.53,10.71,16181.0,0.0,0.0
2021-11-12,10.74,10.76,10.61,10.72,11625.0,0.0,0.0
2021-11-15,10.76,10.84,10.64,10.83,14318.0,0.0,0.0
2021-11-16,10.84,10.87,10.73,10.78,14584.0,0.0,0.0
2021-11-17,10.74,10.87,10.73,10.81,15127.0,0.0,0.0
2021-11-18,10.81,10.86,10.61,10.62,14520.0,0.0,0.0
2021-11-19,10.67,10.79,10.53,10.74,14182.0,0.0,0.0
2021-11-22,10.78,11.09,10.67,11.02,25639.0,0.0,0.0
2021-11-23,11.07,11.54,11.03,11.48,41521.0,0.0,0.0
2021-11-24,11.48,11.5,11.24,11.28,25622.0,0.0,0.0
2021-11-25,11.32,11.4,11.15,11.26,21517.0,0.0,0.0
2021-11-26,11.21,11.27,11.06,11.17,13521.0,0.0,0.0
2021-11-29,11.1,11.16,10.95,11.03,13610.0,0.0,0.0
2021-11-30,11.11,11.26,11.05,11.12,16900.0,0.0,0.0
2021-12-01,11.09,11.43,11.08,11.3,24637.0,0.0,0.0
2021-12-02,11.3,11.44,11.1,11.11,19938.0,0.0,0.0
2021-12-03,11.11,11.26,11.03,11.08,15334.0,0.0,0.0
2021-12-06,11.08,11.17,10.75,10.77,24209.0,0.0,0.0
2021-12-07,10.78,11.02,10.74,10.89,18161.0,0.0,0.0
2021-12-08,10.9,10.9,10.77,10.79,17080.0,0.0,0.0
2021-12-09,10.74,11.09,10.68,10.98,29081.0,0.0,0.0
2021-12-10,10.9,11.08,10.81,10.99,15379.0,0.0,0.0
2021-12-13,10.99,11.09,10.99,11.07,14582.0,0.0,0.0
2021-12-14,11.08,12.18,11.0,12.18,114932.0,0.0,0.0
2021-12-15,12.27,13.18,12.07,12.67,178919.0,0.0,0.0
2021-12-16,12.43,13.39,12.43,12.92,123637.0,0.0,0.0
2021-12-17,12.83,13.11,12.55,13.05,85427.0,0.0,0.0
2021-12-20,12.96,13.07,12.7,12.93,53593.0,0.0,0.0
2021-12-21,12.8,12.99,12.65,12.71,45084.0,0.0,0.0
2021-12-22,12.74,12.89,12.52,12.77,38203.0,0.0,0.0
2021-12-23,12.93,13.15,12.26,12.41,64683.0,0.0,0.0
2021-12-24,12.4,12.44,11.8,11.84,55761.0,0.0,0.0
2021-12-27,11.86,12.19,11.75,12.05,36019.0,0.0,0.0
2021-12-28,12.03,12.36,12.03,12.18,26555.0,0.0,0.0
2021-12-29,12.11,12.35,11.94,12.23,29974.0,0.0,0.0
2021-12-30,12.32,12.32,12.04,12.19,24083.0,0.0,0.0
2021-12-31,12.13,12.27,12.1,12.12,17723.0,0.0,0.0
2022-01-04,12.11,12.71,12.09,12.68,38977.0,0.0,0.0
2022-01-05,12.69,12.79,12.3,12.47,36475.0,0.0,0.0
2022-01-06,12.38,12.77,12.29,12.6,27650.0,0.0,0.0
2022-01-07,12.59,12.74,12.22,12.24,25190.0,0.0,0.0
2022-01-10,12.24,12.55,12.0,12.44,25449.0,0.0,0.0
2022-01-11,12.44,12.68,12.43,12.6,29732.0,0.0,0.0
2022-01-12,13.2,13.86,12.29,13.32,177472.0,0.0,0.0
2022-01-13,13.06,13.32,12.71,12.91,131463.0,0.0,0.0
2022-01-14,13.31,14.2,12.96,14.2,158857.0,0.0,0.0
2022-01-17,15.0,15.44,14.33,14.4,265249.0,0.0,0.0
2022-01-18,14.17,14.3,12.96,13.07,171440.0,0.0,0.0
2022-01-19,12.81,13.28,12.65,13.07,89484.0,0.0,0.0
2022-01-20,13.07,13.51,12.71,12.77,80497.0,0.0,0.0
2022-01-21,12.5,12.69,12.22,12.22,63531.0,0.0,0.0
2022-01-24,12.32,12.5,12.2,12.31,30786.0,0.0,0.0
2022-01-25,12.45,12.45,11.38,11.4,69431.0,0.0,0.0
2022-01-26,11.41,11.6,11.28,11.36,38698.0,0.0,0.0
2022-01-27,11.33,11.5,11.1,11.25,38710.0,0.0,0.0
2022-01-28,11.39,11.6,11.22,11.47,28725.0,0.0,0.0
2022-02-07,11.6,11.72,11.46,11.71,22577.0,0.0,0.0
2022-02-08,11.64,11.84,11.58,11.79,21651.0,0.0,0.0
2022-02-09,11.76,11.86,11.73,11.82,24030.0,0.0,0.0
2022-02-10,11.84,11.91,11.66,11.75,23290.0,0.0,0.0
2022-02-11,11.9,12.3,11.5,11.6,51605.0,0.0,0.0
2022-02-14,11.39,11.9,11.24,11.69,34102.0,0.0,0.0
2022-02-15,11.62,12.02,11.62,11.78,32942.0,0.0,0.0
2022-02-16,11.93,11.94,11.66,11.72,23644.0,0.0,0.0
2022-02-17,11.62,11.81,11.5,11.53,25851.0,0.0,0.0
2022-02-18,11.46,11.57,11.35,11.57,17642.0,0.0,0.0
2022-02-21,11.51,11.92,11.47,11.91,33801.0,0.0,0.0
2022-02-22,11.92,13.1,11.61,13.1,136549.0,0.0,0.0
2022-02-23,12.88,13.0,12.65,12.88,119570.0,0.0,0.0
2022-02-24,12.79,13.05,12.47,12.97,90890.0,0.0,0.0
2022-02-25,12.9,12.98,12.75,12.8,51504.0,0.0,0.0
2022-02-28,12.69,12.81,12.37,12.76,41264.0,0.0,0.0
2022-03-01,12.76,12.86,12.65,12.76,31147.0,0.0,0.0
