交易离家的距离,距离上一次交易发生地的距离,购买价格交易与中位购买价格的比率,交易是否来自同一零售商,是否通过信用卡进行的交易,交易是否使用密码进行,交易是否为在线订单
11.078268151694504,0.2298466155105742,0.1821598449482219,1.0,0.0,0.0,1.0
1.502276212982634,0.3784860100485028,2.470549036806001,0.0,0.0,0.0,0.0
1.2086977074528076,0.2766362697729621,1.2249825883619485,0.0,1.0,0.0,0.0
12.84285437831338,2.230580752596632,0.924556292416372,1.0,1.0,0.0,0.0
8.162415329706512,0.1488936281597912,0.6302023898759813,1.0,0.0,0.0,1.0
1.2853604628161663,0.8428159321520432,2.0760180290657715,0.0,0.0,0.0,1.0
4.6499477479651095,0.3034864410600877,0.6367440758354231,1.0,1.0,0.0,1.0
2.337727123094532,3.3973116198137143,0.2016040395580301,1.0,0.0,0.0,0.0
0.666719651428078,38.96333513467694,0.0464929102656839,0.0,0.0,0.0,1.0
2.1270627488910008,0.9514259904182732,0.732603436942732,1.0,0.0,0.0,1.0
52.18435626206191,0.430358691468907,0.7757076184472307,1.0,,0.0,1.0
33.08954182008618,0.2231874158868403,1.5527438120735269,1.0,0.0,0.0,1.0
2.7706330101149,1.1727135278349303,1.0225360300090576,1.0,1.0,1.0,1.0
21.967101388692253,0.6096399968036322,0.4370640897288529,1.0,1.0,0.0,1.0
3.9588810501940808,5.821542107991339,1.617229481158473,1.0,0.0,0.0,1.0
4.959251789681946,3.675613525098645,0.4005057643988599,1.0,0.0,0.0,1.0
3.194746687927754,2.7859691249115848,0.0898936303217322,1.0,0.0,1.0,0.0
7.260959598317618,0.7381350352460073,0.5973444650231948,1.0,0.0,0.0,0.0
38.44375071381008,0.3652197546684012,2.248441367780519,1.0,1.0,0.0,0.0
17.75711771663549,1.0648312674865847,0.2079731988713803,1.0,1.0,0.0,1.0
14.22963753016655,3.969455642853546,0.3750279926953411,1.0,1.0,0.0,0.0
40.814536054602335,1.2210829852457594,0.4928640998771149,1.0,0.0,0.0,1.0
23.34018399250932,1.3493465930830824,3.818671351823173,1.0,1.0,0.0,1.0
12.467598382950229,2.2604938447595924,0.3839496515509197,1.0,0.0,0.0,1.0
0.4324092212164774,0.8271305772829687,0.3720157297960186,0.0,0.0,0.0,1.0
18.11795423655948,0.3005724116856917,0.9569876701014216,1.0,0.0,0.0,1.0
10.07275205222177,3.5582666539019105,0.4499664235824681,1.0,0.0,0.0,0.0
2.9471457479023977,0.2960176464008875,1.376941148017138,1.0,0.0,0.0,1.0
6.424240210302281,2.641758081547056,0.1745589770297699,1.0,0.0,0.0,1.0
4.852436606669366,7.970493984728339,1.3678185192748944,1.0,0.0,0.0,1.0
30.915316538195672,10.44429008081689,1.9380020287519053,1.0,0.0,0.0,1.0
5.836282842467948,6.759287230684967,0.7314060583616301,1.0,0.0,0.0,1.0
46.92516231119019,2.3289520451942427,1.0172300289789549,1.0,0.0,0.0,1.0
33.343262176277584,0.2675460540748798,0.3750788579654785,1.0,0.0,1.0,0.0
28.31420370299181,1.994606348548598,0.7838800678536314,1.0,0.0,0.0,0.0
78.50220299133825,1.4216655047835831,0.9787342865097928,1.0,0.0,0.0,1.0
22.909732251170382,0.8361920950062791,2.137382903901597,1.0,1.0,0.0,1.0
1.463541612824026,0.5591867527998114,2.158447071412158,0.0,0.0,0.0,0.0
2.498903116994127,0.4974670115017354,0.8406196199355609,1.0,0.0,0.0,1.0
5.193820516443718,0.0624042935761836,0.2972115235615423,1.0,0.0,0.0,0.0
24.883284261800423,7.610344316076014,5.709766005836887,1.0,1.0,0.0,1.0
0.7008594321113154,5.715426990720378,0.2181282527746816,0.0,0.0,1.0,1.0
92.96439748755888,1.48338391228508,4.851694453022128,1.0,1.0,0.0,1.0
22.36250715745835,0.8671584689694135,2.379549692004673,1.0,1.0,0.0,1.0
13.808604975084297,4.791104225547555,12.610332803500109,1.0,0.0,0.0,0.0
6.042478832774988,0.7959290641305973,1.026188346501274,1.0,0.0,0.0,1.0
14.253896441133396,13.005924927736192,0.5187549880623902,1.0,0.0,0.0,0.0
7.156940820082948,0.2079700599781239,1.3512574931191548,1.0,1.0,0.0,1.0
5.604228122951114,0.4492947578974227,0.841492351316564,1.0,0.0,0.0,1.0
7.3779801256185635,0.1164848529864179,3.2522790269111788,1.0,1.0,0.0,1.0
5.913735683615211,41.66768966376097,0.6069005520934266,1.0,,1.0,1.0
4.310719724601374,8.432287301781267,0.6501263368380218,1.0,0.0,0.0,1.0
68.64215898433909,0.0952842111874757,3.033614723748824,1.0,0.0,0.0,0.0
0.6071871291781703,15.362961102332408,0.2063565167759321,0.0,1.0,0.0,1.0
3.060976922082697,0.3093505736644943,0.2632719505007451,1.0,1.0,0.0,1.0
12.937371797980758,0.1997758499986613,0.0674900901289214,1.0,0.0,0.0,1.0
42.83551013893678,0.596561283311737,0.5818604501440247,1.0,0.0,0.0,1.0
2.637785390736951,1.389241659428436,0.7427018253018243,1.0,0.0,0.0,1.0
3.4047733353386804,1.800169297622097,0.5618052715629422,1.0,1.0,0.0,0.0
1.8990644348942256,1.135578816759653,2.538989765214842,0.0,1.0,0.0,1.0
9.97488807807986,0.2896501070699596,0.4932601731299678,1.0,0.0,0.0,1.0
5.716209680777134,0.6501531519730216,0.5583166736722855,1.0,0.0,0.0,1.0
11.486343461519514,0.8757918833022701,0.3759011263849336,1.0,0.0,0.0,0.0
10.832729505542586,0.2867789071675767,0.0943165016280083,1.0,1.0,0.0,0.0
88.57955533487475,1.5621783532355222,46.83568608446576,1.0,1.0,0.0,1.0
4.263434588517503,0.5386111881288514,1.3133795563337058,1.0,1.0,0.0,1.0
202.7716449572152,0.958256243460704,0.1085961153312055,1.0,0.0,0.0,1.0
11.986343304026263,56.90197257181417,0.7220358667829124,1.0,0.0,0.0,1.0
11.382075367776476,4.773961951526159,2.507321098841817,1.0,0.0,0.0,1.0
1.4981077770138305,3.045024648152421,0.452188202981475,0.0,0.0,0.0,1.0
46.43880036025533,41.41430872802785,0.4411258569455479,1.0,1.0,0.0,0.0
5.236959872383562,1.422481385179644,0.3498673016867643,1.0,0.0,0.0,0.0
4.7458009111868895,3.3346223332749583,0.3241606266761668,1.0,1.0,0.0,0.0
11.245652589542152,0.0297104128971669,0.3914457516774501,1.0,1.0,0.0,0.0
21.902828388850256,1.6973471733444656,1.4369302658363845,1.0,0.0,0.0,0.0
1.729585160264223,3.711999444115776,0.3886089667103568,0.0,0.0,0.0,0.0
12.77754489681724,159.57539323900292,0.2252436431268142,1.0,1.0,0.0,0.0
36.76353347449293,6.432504879762529,2.433320207310377,1.0,0.0,0.0,0.0
5.254718524752184,0.1178947630416769,2.891261412649687,1.0,0.0,0.0,0.0
10.202799107999017,0.4652939196652385,1.646514313246562,1.0,1.0,0.0,0.0
180.73426600668745,0.3683427986477176,0.1149912666524719,1.0,1.0,0.0,1.0
1.213072891383616,1.97121183179869,0.7813055733132184,0.0,0.0,0.0,1.0
86.79040744642228,0.0302397173976221,0.5359320759370937,1.0,0.0,0.0,1.0
12.415444774579017,0.5023342078604187,1.1365209538164396,1.0,0.0,0.0,1.0
90.6631311545893,1.1032884777432077,0.376271659146747,1.0,0.0,0.0,1.0
6.335762999260611,0.1607841847949806,4.078739843467168,1.0,1.0,0.0,1.0
24.563047603052816,0.3295876851236211,12.089388661287844,1.0,0.0,0.0,1.0
5.299369722886803,1.4828559214957255,0.5583670582639142,1.0,0.0,0.0,1.0
1.2949774859365402,0.3660024613456747,0.9649446594559092,0.0,1.0,0.0,0.0
14.228549884284083,0.0387181467028318,0.5552472982040496,1.0,0.0,0.0,1.0
5.251304941537674,0.5112653042546765,0.7246479893437955,1.0,0.0,0.0,1.0
3.743322729949999,0.6721905836400708,3.393779084761951,1.0,1.0,1.0,1.0
5.334507011739079,2.105665497876989,0.8967141788341916,1.0,0.0,0.0,1.0
68.01858602795912,1.7176010429566648,5.474464882088843,1.0,0.0,1.0,0.0
6.166345186475709,0.2900007208953208,0.6515741487442483,1.0,1.0,0.0,0.0
42.36169654093427,20.58052779100512,10.094980595486554,1.0,0.0,0.0,0.0
13.872697654891107,0.498152873167501,0.492297427614658,1.0,0.0,0.0,1.0
4.840931339039788,2.597108034383022,2.8457253254375408,1.0,0.0,1.0,1.0
66.95435987081486,0.0482693966366004,1.6293384437247351,1.0,0.0,0.0,0.0
19.992217314144995,9.160979700193806,0.6154780360015147,1.0,1.0,0.0,1.0
1.003939723467982,0.594768629918635,0.0402055205784437,0.0,1.0,0.0,0.0
3.176619586953492,0.560029319063947,0.6057023517306578,1.0,0.0,0.0,1.0
22.137306589501964,0.1834765118341983,0.2138711802613493,1.0,1.0,0.0,1.0
1.5185000542945415,0.9535112528507182,1.4946498366079308,0.0,1.0,0.0,1.0
16.002545470091693,1.4333172763351345,0.2670661529317803,1.0,0.0,0.0,0.0
47.31750168016955,0.3659864860367487,0.9473021195743488,1.0,0.0,0.0,1.0
2.927779023860354,8.73832355380568,7.151560122161864,1.0,0.0,0.0,1.0
27.731220750168728,9.2981720646863,1.828935163496998,1.0,0.0,1.0,1.0
9.576545946806784,0.3444783855374107,0.4156001228996914,1.0,0.0,0.0,1.0
29.78710069042684,3.218390510113051,0.1334000324916765,1.0,0.0,0.0,1.0
13.649223103916476,4.178600837820803,1.6128001725818248,1.0,0.0,0.0,0.0
2.2771433498453906,0.0585068159293902,0.4205480067364006,1.0,0.0,0.0,1.0
34.29183645047197,0.7684497537065373,4.004409443950613,1.0,1.0,0.0,0.0
21.56767038347541,6.0612343877719095,2.585650930212414,1.0,0.0,0.0,1.0
56.89760493499891,0.0302936104034059,0.1525533503462769,1.0,1.0,0.0,1.0
7.570302075588289,0.8834925218203412,6.9578740369856,1.0,1.0,0.0,0.0
0.2434835537233651,5.747734223853133,0.7018099655727932,0.0,0.0,0.0,0.0
8.80997903272858,0.2076033711143977,0.5281264367084141,1.0,0.0,0.0,1.0
5.143927314035844,0.1744767843457935,0.7255530171572759,1.0,1.0,1.0,0.0
12.74641202762002,1.026825846181557,0.2632037773988783,1.0,0.0,0.0,0.0
140.6801495382384,19.379545890808807,0.1582652086093693,1.0,0.0,0.0,0.0
8.337289368580258,8.7322148535841,0.92457688276817,1.0,0.0,0.0,1.0
3.44983469666386,0.6884595217185345,3.516251299791445,1.0,1.0,0.0,1.0
12.842724427035831,10.435543211515643,11.889918612671735,1.0,0.0,0.0,1.0
63.90087260129155,19.08860051871993,0.2668038561561605,1.0,0.0,0.0,0.0
5.90811848954441,0.9075386171570196,0.8657147432312714,1.0,1.0,0.0,0.0
3.2273961835313245,0.2409216480162597,0.1873253896841666,1.0,0.0,1.0,1.0
8.587901863987133,0.3712341854340581,2.0656610202266195,1.0,0.0,0.0,0.0
4.993207049610019,0.903922844309293,1.82187109799904,1.0,1.0,0.0,1.0
4.895187034523346,18.162850598565164,0.4815524654165576,1.0,0.0,0.0,1.0
5.804269320666613,2.3011259239274104,0.8423719104224286,1.0,1.0,0.0,1.0
12.47605073169164,0.1778204876415119,0.975269942955991,1.0,0.0,0.0,0.0
3.0277424384234206,0.6728327329816081,0.61298807049036,1.0,0.0,1.0,1.0
1.5365940259897204,0.0896787248874754,0.7185009152847706,0.0,1.0,0.0,1.0
39.68640163333908,0.1873700769432293,0.4326002362556218,1.0,0.0,0.0,1.0
8.66363326480711,3.0965817034164846,0.3355047380037472,1.0,0.0,0.0,1.0
19.741834808808058,0.949390696769192,2.2554639739889173,1.0,0.0,0.0,1.0
4.099196544315871,1.5989417602514262,0.5274794915846376,1.0,0.0,0.0,1.0
74.2260344690141,0.5634834343824915,1.6761003950409223,1.0,0.0,1.0,0.0
6.972409147152381,1.4157085327521035,1.0320434635096187,1.0,1.0,0.0,1.0
0.6903677239802327,0.5282272661221188,0.882709109729438,0.0,0.0,0.0,0.0
1.59167433623374,0.3800836714900251,0.2526043469007565,0.0,0.0,0.0,0.0
0.9045680875926568,7.594744924618959,0.4562320910859205,0.0,0.0,0.0,1.0
67.98177959447615,0.1195245956195422,1.6134733714911205,1.0,0.0,0.0,1.0
27.540746943958432,0.382761229574946,0.6792935907573683,1.0,0.0,0.0,1.0
112.57314954642813,13.352292691325262,1.7785370407898746,1.0,1.0,0.0,0.0
4.205612666892594,4.438244672011659,0.2057143372201873,1.0,0.0,0.0,0.0
20.201579822174065,1.2242205370403365,1.6542623468146742,1.0,0.0,0.0,1.0
9.127501679603933,0.0957025109431033,0.3560352157879651,1.0,0.0,0.0,0.0
19.10358938622716,4.410393122711728,1.1000761678762885,1.0,0.0,0.0,0.0
2.409824579033626,0.0449351212537121,6.10155538304995,1.0,1.0,0.0,1.0
39.91436588239642,0.5658223613671223,1.6740092293791802,1.0,0.0,0.0,1.0
0.6174898563053229,0.112247311264652,6.51615131878457,0.0,0.0,0.0,1.0
0.7386310717828667,2.6362454442673906,0.7312049951661731,0.0,0.0,0.0,1.0
4.246560912441613,0.6281627526411034,0.1658724728118198,1.0,0.0,0.0,1.0
21.87012521858101,55.33989729384689,0.8966074164561799,1.0,1.0,1.0,1.0
4.543175660869566,0.2643779284649423,1.4641703576219038,1.0,0.0,0.0,1.0
51.49506788300489,9.02133628986656,0.2188202659708863,1.0,0.0,0.0,1.0
27.941831111691013,0.1336216523616238,0.7027309037777748,1.0,1.0,0.0,1.0
6.1506805000264135,0.0498236616021509,0.0629742143501067,1.0,0.0,0.0,1.0
2.677587987140487,7.642371989402434,1.8927509125327524,1.0,0.0,0.0,1.0
7.581728363700021,1.785264730700943,0.6167420177549002,1.0,1.0,0.0,0.0
16.593829766802116,0.0922416717584212,2.1834396036959154,1.0,0.0,0.0,0.0
4.6347597579276005,0.7323299726733831,0.6348845218286274,1.0,1.0,0.0,0.0
21.35462531985774,2.2347938182013647,6.654798555800521,1.0,0.0,0.0,1.0
36.45309067616965,11.537898184946297,0.1756334807694927,1.0,0.0,0.0,1.0
13.26005114436099,2.8830235386615644,0.5746522044044136,1.0,0.0,0.0,0.0
75.89745762483214,0.7538175814142372,1.7331372821258038,1.0,0.0,0.0,1.0
44.83725256964726,0.0145438021823042,3.8368249469939366,1.0,0.0,0.0,1.0
5.351246238841966,2.1250585900328893,18.457387918209267,1.0,0.0,0.0,0.0
88.26371906030587,0.1224427154005545,8.585872760392956,1.0,0.0,0.0,1.0
7.476648395347763,2.768757534484252,0.2323071194498102,1.0,1.0,0.0,0.0
4.556277303085557,0.424163607538783,1.0509431425031632,1.0,1.0,1.0,1.0
8.769764318547713,0.9076712866207256,0.8097441709855671,1.0,0.0,0.0,1.0
19.1132239175973,0.2992647505363657,6.274646466477158,1.0,0.0,0.0,0.0
21.19443196315632,0.0763728805639786,0.4588685675813987,1.0,0.0,1.0,0.0
21.02456985586253,0.788125293218793,0.2547771749002847,1.0,1.0,0.0,1.0
8.31440073382978,0.2198554563614092,5.320965104071285,1.0,1.0,0.0,1.0
9.22423842578204,3.6398075069942304,1.8433664963941,1.0,0.0,0.0,1.0
2.364644884873824,1.7986307978454017,0.9059416431729116,1.0,1.0,0.0,0.0
14.063276363075667,0.2480914452447779,0.6143066119666364,1.0,0.0,0.0,1.0
39.36359541662463,1.0369162059177646,5.299340922207989,1.0,1.0,0.0,0.0
25.498735845989525,0.886321703074001,0.1746466563146844,1.0,1.0,0.0,1.0
70.24975861633662,1.369473193274911,1.4041723756589215,1.0,1.0,1.0,1.0
84.88554616666966,0.0946693791759482,0.2081741308928408,1.0,0.0,0.0,1.0
65.52793163244054,0.9429660942056552,0.4272503301950763,1.0,1.0,0.0,1.0
27.185410573113536,1.3956799951049286,0.2637184118988423,1.0,0.0,0.0,1.0
61.72361051193042,0.9823013545968534,3.120215156839621,1.0,1.0,1.0,0.0
49.97404828420752,26.787778037388552,0.9678485379928138,1.0,1.0,1.0,0.0
4.734641096310134,1.0816121538360024,0.4786582350396314,1.0,0.0,1.0,0.0
4.663447760507791,0.7642928117496688,1.4631517914840662,1.0,0.0,0.0,0.0
18.84827284402268,0.0214179887270156,2.475740881679142,1.0,0.0,0.0,0.0
7.139620009602363,0.3831013583551986,2.201237490446003,1.0,0.0,0.0,1.0
0.8575317319064614,0.2451943654918854,0.7247917815093988,0.0,1.0,0.0,0.0
11.82666376746138,1.949235907317712,0.9036366063365848,1.0,0.0,0.0,1.0
18.09065380313676,5.669527087505887,0.4764531172380165,1.0,1.0,0.0,1.0
2.211935932476629,2.9171748309058647,0.6019183666488674,1.0,0.0,0.0,0.0
8.41638213686785,0.213123823380311,1.5123348181943062,1.0,0.0,1.0,1.0
39.46989896424158,0.6826980364446419,2.2640824420811674,1.0,1.0,0.0,0.0
18.05199197250605,2.1353792828849167,0.0599817973668197,1.0,0.0,0.0,1.0
1.0078085421197047,1.3382659063921836,0.2281811373368985,0.0,0.0,0.0,1.0
1.0920631020590756,6.982018636904365,0.9427616148234392,0.0,0.0,0.0,1.0
4.88282805993259,0.5054972786604024,3.273650424401422,1.0,0.0,0.0,1.0
4.402692086794642,1.3265448120750194,2.171715537512164,1.0,0.0,0.0,1.0
8.356739290468736,0.28624954059941,1.423439913622279,1.0,0.0,0.0,0.0
1.5213150316848632,47.32569944907989,1.024717235306408,0.0,0.0,0.0,1.0
67.181171835602,0.0272649139533233,0.7270133891638179,1.0,1.0,0.0,0.0
33.92649327053738,2.66784840416702,0.5665017694255616,1.0,1.0,0.0,1.0
2.114114798411752,0.2170559105621187,3.020919178001088,1.0,1.0,0.0,1.0
9.264118117703322,12.578669445613397,0.4303105992683791,1.0,1.0,0.0,0.0
3.845135970732647,0.609524172422448,0.7876280481305377,1.0,0.0,0.0,1.0
141.86940757164172,0.1140513956150385,0.5923250554828761,1.0,0.0,1.0,1.0
0.5670865898772632,0.0547835679057192,1.37972405926606,0.0,1.0,0.0,1.0
23.41627802273489,2.4812664799773385,0.273204967602755,1.0,1.0,0.0,0.0
2.627547982325689,1.2958674529176506,2.2544532193651654,1.0,0.0,0.0,1.0
5.034720429732139,10.331881045885591,0.8419544724721431,1.0,1.0,0.0,1.0
112.75140710211969,0.0219800290240545,2.486388175478118,1.0,1.0,0.0,1.0
110.62930641002616,0.2957979336010762,0.6281183601037164,1.0,1.0,0.0,1.0
18.754342873822463,0.230553409914144,0.5485825083333694,1.0,0.0,0.0,1.0
5.350313093672057,11.25741286016584,0.3671836547613533,1.0,0.0,0.0,0.0
3.253371317846118,0.2124586462563358,0.7369312981896944,1.0,0.0,0.0,1.0
5.224200740785668,0.8494919398052974,6.285156762412482,1.0,1.0,0.0,1.0
18.378185854975392,2.1756786396721424,0.0648088415296633,1.0,0.0,0.0,1.0
2.765486284537612,0.0326303749313997,0.6354280543185279,1.0,0.0,0.0,1.0
5.060291037056517,51.53455481139208,0.3181586793492693,1.0,1.0,0.0,1.0
92.96537740968571,2.505957534501139,0.84679649851013,1.0,0.0,0.0,1.0
16.757774662837374,8.190065593215692,4.625881672632058,1.0,0.0,0.0,1.0
8.137670537996405,2.801031749483003,1.2411786457405185,1.0,1.0,0.0,0.0
9.290161544985644,3.1617076174879664,2.1215914666923976,1.0,0.0,0.0,0.0
0.9536495928227468,2.572831098472286,0.2534570786380941,0.0,0.0,0.0,0.0
63.64252244614802,1.2298086306236355,0.554424782130527,1.0,0.0,0.0,1.0
0.8348478036117025,4.447872717382714,0.3733344416049844,0.0,0.0,0.0,1.0
4.644592224346121,0.1646155805807745,1.416279018880383,1.0,0.0,0.0,0.0
53.263767664878834,0.2806972429183957,8.268308694045109,1.0,1.0,0.0,1.0
49.52893707873525,12.57743358465962,0.2742496095902197,1.0,1.0,0.0,1.0
46.66928366462875,3.258559049099917,1.929923802581896,1.0,0.0,0.0,1.0
2.1593566055018383,3.669781381705515,0.5944477024722388,1.0,0.0,0.0,0.0
7.479093649521184,0.4154167800639428,1.6692862405309106,1.0,0.0,0.0,1.0
5.36457679388113,0.2183658126238467,0.8985751238701535,1.0,1.0,0.0,0.0
18.49935610150754,0.0731563075171847,4.493008614389522,1.0,0.0,0.0,1.0
3.61624707999312,2.2657251849454747,0.4189976222416254,1.0,1.0,0.0,0.0
86.3418136370577,0.4684467372252554,0.7405554475636414,1.0,1.0,0.0,1.0
1.6716513256701426,0.1916193445253618,0.921700947002804,0.0,0.0,0.0,0.0
11.978627328501442,0.1121643338829729,6.2227714104938885,1.0,0.0,0.0,1.0
5.88295240130077,0.7495081640115967,1.052850200039063,1.0,0.0,1.0,0.0
161.81748647072024,0.5442478294887403,4.053273902692699,1.0,0.0,0.0,1.0
30.95330513078673,0.0127185555703672,4.438842031241564,1.0,1.0,1.0,0.0
31.25724853350181,0.3927140641395406,1.0611504505048637,1.0,0.0,1.0,1.0
1052.711337790596,0.1095084473665786,2.344186205990083,1.0,0.0,0.0,1.0
242.79938360734653,1.3768786416136218,0.924067700199564,1.0,0.0,0.0,1.0
5.243038237193621,41.86982933376543,6.107404039391618,1.0,0.0,0.0,1.0
314.9634415823503,8.477099714427165,0.9738705436756514,1.0,0.0,0.0,0.0
60.703512781260585,22.87825645433231,1.8235849188420423,1.0,0.0,0.0,1.0
8.543572107648577,0.4170904962331447,1.4736315211836433,1.0,1.0,0.0,0.0
1.458543041027545,0.09595039951924,0.138647937421219,0.0,0.0,0.0,1.0
18.80427345321765,1.0053708526285925,0.8397087253656832,1.0,0.0,0.0,1.0
2.238338343924018,0.4232539846431458,1.1482088762910212,1.0,1.0,0.0,1.0
5.176559415751228,1.851425636758632,0.8223231344848833,1.0,0.0,0.0,0.0
6.663012913519304,0.4703720503775576,7.761261101793037,1.0,1.0,0.0,0.0
18.54508531764061,0.0434234376422472,2.468343406479515,1.0,1.0,0.0,1.0
8.979612523079235,0.4404026298120834,0.1752448024314975,1.0,0.0,0.0,0.0
0.941892451506642,1.694783417236196,0.7961625599258961,0.0,0.0,0.0,1.0
3.4842170081402344,1.7437356742284504,0.5369320482587426,1.0,0.0,1.0,1.0
6.989681496982281,2.0489484360888013,5.569964767321378,1.0,0.0,1.0,1.0
28.41869186874157,8.224384247868237,1.262803969925009,1.0,0.0,0.0,1.0
14.05578008881584,0.1808122009196848,1.6237840496060068,1.0,0.0,0.0,0.0
1.7902203777354375,0.6154521022968855,0.4910891706350224,0.0,0.0,0.0,1.0
24.78150675747062,0.1953662650888659,0.7906344390775227,1.0,0.0,1.0,1.0
216.4545257813901,0.5300222919750517,0.3745990245639052,1.0,0.0,0.0,1.0
8.071847649026656,0.2476638049170176,1.0457806781655603,1.0,0.0,0.0,1.0
11.079765195870786,0.8283010419125066,0.2601118628650084,1.0,1.0,1.0,1.0
0.7243041049673786,25.25557812814215,1.4833104926768137,0.0,0.0,0.0,1.0
26.411201872791526,0.6843195843186185,0.988010702326549,1.0,1.0,1.0,0.0
55.42845146718466,2.6550053222243144,1.6015444789461952,1.0,0.0,0.0,1.0
17.320608737713954,7.431593262336044,0.0450538105004622,1.0,1.0,0.0,0.0
4.164431281091823,7.912129614150977,0.7286692565856907,1.0,1.0,0.0,0.0
13.758181966770133,0.919634326473592,1.227550984827992,1.0,0.0,0.0,1.0
10.486068989404345,2.6267275512742057,1.40693001881354,1.0,1.0,0.0,0.0
8.530610795295624,5.62450763991537,5.823246570425561,1.0,0.0,0.0,1.0
41.85127353832811,1.6682688752511794,1.2112185636859063,1.0,0.0,0.0,1.0
8.985456069578087,8.823247881942478,0.3403733771207224,1.0,0.0,0.0,0.0
24.890197137972528,82.96502302357032,0.7101759621797862,1.0,1.0,0.0,0.0
7.553983089934935,1.3150253533950742,1.2637818192466486,1.0,0.0,0.0,0.0
0.4430860539232683,0.1041433125702027,4.484804187225615,0.0,0.0,0.0,0.0
58.937552740345616,0.2559226099781226,2.9312277143360927,1.0,0.0,0.0,1.0
114.6819861729358,0.982210606318102,0.3819693844649079,1.0,0.0,0.0,0.0
10.245397579435112,2.981168786307874,2.1415415949045165,1.0,0.0,0.0,1.0
5.628847299038647,1.7702838296611376,5.671716635254998,1.0,0.0,0.0,1.0
15.115572036607016,0.3177612421410298,0.713430176197884,1.0,0.0,0.0,1.0
71.60567957983871,0.2836020976239559,0.8239985837194986,1.0,1.0,0.0,0.0
0.2815865856616397,0.3665618549940115,0.2624211930912747,0.0,0.0,0.0,1.0
2.253760509478375,0.5899923517478287,0.3117342806533689,1.0,0.0,0.0,0.0
63.17673455007975,14.871513959867071,0.1887348047660968,1.0,1.0,0.0,1.0
14.269186092042297,0.2299033399704001,0.2541897414476463,1.0,0.0,0.0,0.0
16.798430346345285,1.0101658668721538,1.494744742916549,1.0,1.0,0.0,1.0
9.496062881577958,0.2926385735866815,4.434709077962053,1.0,0.0,0.0,0.0
17.48191983566287,1.1013339488373124,0.379483125057762,1.0,0.0,0.0,0.0
63.541125263226895,3.0645797005121884,2.1736844575787804,1.0,0.0,1.0,0.0
19.433471029973028,0.0861785556777374,0.6597583473321237,1.0,0.0,0.0,1.0
3.4114520704999447,2.300088331700496,0.6909179436008418,1.0,0.0,0.0,1.0
23.23284981195174,0.074435386855358,0.5124489624421492,1.0,1.0,0.0,0.0
8.114298319056983,13.42316396595003,1.7138703240158737,1.0,1.0,0.0,0.0
14.227737171491796,2.6080060771269227,1.1885689239940864,1.0,0.0,0.0,0.0
132.07813397513806,0.473860726254974,0.5806273221104457,1.0,0.0,0.0,1.0
22.179095362890934,4.388663236407871,0.1727159673902684,1.0,0.0,0.0,0.0
4.576431774527054,1.570755511061921,2.9808689735809693,1.0,1.0,0.0,0.0
5.48371206086878,0.4310241608869837,4.25312382168732,1.0,0.0,0.0,1.0
89.18768421192111,0.0412503997651482,1.6365460057214969,1.0,0.0,0.0,1.0
20.25565696754005,95.94635407700906,0.538334171026563,1.0,1.0,0.0,1.0
60.97827099305437,2.024224019384542,0.3651313276635277,1.0,1.0,0.0,1.0
9.73372701482931,4.294601259580913,0.572215238413697,1.0,0.0,0.0,1.0
1.3419185724004938,1.5498907960999486,0.2623944739280291,0.0,0.0,0.0,1.0
9.875308843683184,0.5242010701431459,2.291932734987622,1.0,0.0,0.0,1.0
6.3103981606512,41.95502304449116,4.100193820625886,1.0,0.0,0.0,0.0
25.24406127874669,0.0826003198349911,2.4942729570973428,1.0,0.0,1.0,0.0
3.952436447611339,37.03485038841654,0.3819536655527265,1.0,0.0,0.0,1.0
0.4130592915874842,0.0350240743088565,1.1781762045833128,0.0,0.0,0.0,1.0
6.29821730148528,1.0007072641042585,0.9563380767492096,1.0,0.0,0.0,1.0
3.145878405039912,1.9189171618580108,1.1921442173649155,1.0,1.0,1.0,1.0
5.6841360476915215,0.463115817684421,0.918280712408661,1.0,0.0,0.0,1.0
3.2907663145487263,6.76225021956205,37.21552330321329,1.0,0.0,0.0,1.0
53.39887935792172,0.0451599655548566,0.4466306899759785,1.0,1.0,0.0,1.0
14.364821714820431,0.0896170643306295,0.2409392719417203,1.0,1.0,0.0,1.0
29.636298040723883,0.4440364644494423,8.94860942977756,1.0,1.0,0.0,1.0
3.176895042054434,0.915453102517448,3.553513477218248,1.0,0.0,1.0,1.0
4.177665323423765,0.0384608504403577,0.3762058990890639,1.0,1.0,0.0,1.0
95.7124835686685,12.50392704490734,1.5426789546940805,1.0,0.0,0.0,0.0
15.460441410524744,3.1628386757396,1.2508903736831298,1.0,1.0,0.0,1.0
5.496657314471718,2.7502195307349258,0.4396691341194901,1.0,0.0,0.0,1.0
2.5811593032276128,6.895919715093302,0.4953743052228055,1.0,0.0,0.0,0.0
11.791303177862416,3.092991283800804,2.500140895462439,1.0,0.0,0.0,0.0
26.1142238459256,1.0828509414418337,0.1829843617951363,1.0,0.0,0.0,1.0
8.790366434379342,0.1449907478314924,1.164395700702724,1.0,1.0,1.0,0.0
4.086537779304974,1.97697399140588,2.002837726750385,1.0,0.0,0.0,0.0
14.68997138181906,0.0901615315896064,1.0370711844707292,1.0,0.0,0.0,1.0
7.194657299284771,0.9675803563907468,8.453053061644757,1.0,0.0,0.0,1.0
1.582623886616807,15.037828130990931,1.646039501811985,0.0,0.0,1.0,0.0
1.4954969007414711,0.6345552969657338,2.308648501593848,0.0,1.0,0.0,0.0
17.564696395748197,6.281806626419223,0.6726890489948515,1.0,1.0,0.0,0.0
3.790914282879805,4.197488392222319,0.7910984083062662,1.0,1.0,0.0,1.0
125.44445925793688,1.3007425445398852,1.4287078557433894,1.0,0.0,0.0,1.0
2.948964876289368,2.529381289450864,0.0498285886699796,1.0,0.0,0.0,0.0
11.394581973395606,27.33024281455885,1.3203007802143711,1.0,0.0,1.0,0.0
13.709465141802136,3.075055797183654,5.718933364775345,1.0,0.0,0.0,1.0
23.08736613921109,0.6784512724507684,4.176950235231939,1.0,1.0,0.0,1.0
7.648565354019427,1.0257189213707805,0.790755242044042,1.0,0.0,0.0,0.0
8.649843531152412,1.907465113645329,5.884572564478174,1.0,0.0,1.0,1.0
111.07987951655134,0.0456460323110363,1.7891524581812512,1.0,0.0,0.0,1.0
4.542588709677633,2.6558575343500457,1.7050141035881825,1.0,0.0,0.0,1.0
10.806712262450018,0.0335170131155378,0.1079256629606153,1.0,0.0,0.0,1.0
1.065023785304912,0.6113707353207531,0.7055390286460494,0.0,0.0,1.0,1.0
53.1120458844816,5.1567864963966885,0.8044291700273802,1.0,0.0,0.0,1.0
5.55851650644005,0.1894583769574107,1.0363489784219029,1.0,1.0,0.0,1.0
3.3653188355652413,7.897932475216359,1.9072053348877835,1.0,0.0,1.0,1.0
24.162541917081573,0.4899668385475137,0.3270201627653221,1.0,1.0,0.0,1.0
62.58130796365606,2.727212656115131,0.4162769082429676,1.0,0.0,0.0,1.0
7.985767291355986,0.8528820530896148,0.6952563484242501,1.0,0.0,0.0,0.0
3.054775734275096,1.6820409636894114,0.3848572678818985,1.0,0.0,0.0,1.0
4.875632708650807,5.874049112812036,0.8065499697389462,1.0,1.0,0.0,1.0
43.11253853547547,3.242589132033347,0.3616698493939452,1.0,0.0,0.0,0.0
15.135939754941466,0.0331177481373966,4.188608126623476,1.0,0.0,0.0,0.0
60.10729635250392,0.2431819290534909,1.3202342261154447,1.0,0.0,0.0,0.0
2.7396061498198407,0.7481605498973565,1.4508662047398115,1.0,0.0,0.0,0.0
45.52330170480028,0.1964803367055684,1.3312252433058545,1.0,0.0,0.0,1.0
2.8257046381487263,5.066390647959361,1.7000321589971996,1.0,1.0,0.0,1.0
10.253324811287149,81.8724642674176,4.755494166110385,1.0,0.0,0.0,1.0
5.283307544551782,1.284445023693061,1.5921484593073805,1.0,0.0,0.0,1.0
10.533441781403129,2.765545959916512,1.1160323489366406,1.0,1.0,0.0,1.0
28.055179413012585,9.758855360411951,4.296979928947076,1.0,0.0,0.0,1.0
21.95619429108977,0.1146546134575751,1.598348741554515,1.0,1.0,0.0,1.0
11.506126313122612,1.4600710704771245,0.3310390044463782,1.0,0.0,1.0,0.0
14.70775949238532,63.38363256123607,2.45276685603315,1.0,1.0,0.0,1.0
9.2096774894204,5.529445015889799,4.671858046938195,1.0,0.0,0.0,1.0
3.866378616918262,21.39061732673164,0.357020174278449,1.0,0.0,0.0,1.0
99.34378650969327,2.746868742624954,0.3905105128151869,1.0,0.0,1.0,0.0
633.1095811891952,0.2519890686468428,0.0843731036340589,1.0,0.0,0.0,0.0
13.731007357564495,0.0119701591125925,10.170450270952571,1.0,0.0,0.0,0.0
10.917886479685114,1.358887707005065,2.9625827395991604,1.0,0.0,0.0,1.0
34.65366053364272,3.030892051706893,2.117644686928947,1.0,0.0,0.0,1.0
25.58907778291393,2.7880095864440047,0.8986571593575673,1.0,0.0,0.0,0.0
3.98743421537618,0.0858560350079133,38.90820737483819,1.0,0.0,0.0,0.0
41.10447453764451,2.4027392910652203,4.228403570389196,1.0,1.0,0.0,1.0
17.058300957053188,0.4327163272681371,0.9110402639370228,1.0,1.0,0.0,1.0
237.6302721304517,0.9044663831577578,0.931920574444233,1.0,0.0,0.0,1.0
2.1962253513822048,15.948323757187085,2.2680018624054457,1.0,0.0,0.0,1.0
62.94176161435038,1.551887294192715,3.830762534875496,1.0,1.0,0.0,0.0
45.17456604303632,2.46268769576372,5.600946098577434,1.0,0.0,0.0,1.0
9.426947690117588,0.0093176048521102,0.7737167921484358,1.0,0.0,0.0,0.0
14.49958031366416,6.508658703660163,2.9772535472978494,1.0,0.0,0.0,1.0
146.20737278916093,1.5423708904081344,1.238497139641254,1.0,0.0,0.0,1.0
11.788403690001203,9.766730609882824,1.06424421341603,1.0,0.0,0.0,1.0
4.255218177117833,0.6797974340759048,0.4828306731347844,1.0,1.0,1.0,1.0
46.104101762529965,0.2501242616329477,0.8430143017242864,1.0,0.0,0.0,1.0
2.869079921849546,10.42763665488694,1.571833540469169,1.0,0.0,0.0,1.0
4.164969910672656,2.448422017472891,0.5646993871323868,1.0,0.0,0.0,1.0
1.7133031346549925,4.090366277754892,2.0409117949804925,0.0,1.0,0.0,0.0
6.755551745933469,6.686003615466689,0.3042687337861751,1.0,0.0,0.0,1.0
2.93672975847628,22.545229930845213,1.6124310429886737,1.0,0.0,0.0,1.0
4.2373951837641,21.183171380148647,0.2509960521208685,1.0,0.0,0.0,0.0
14.378493989306168,1.261572114847001,0.0659183042096653,1.0,0.0,1.0,1.0
15.780198885511004,1.814455977774523,1.0378928488866062,1.0,0.0,0.0,1.0
19.77538296140586,4.261982800131403,4.197419802782683,1.0,0.0,0.0,1.0
3.370463681428496,1.7025287003102338,0.3568670407666705,1.0,0.0,0.0,0.0
6.786289433175539,1.061838151878291,2.142238067875029,1.0,0.0,0.0,0.0
3.793172810274712,1.2237132581983887,0.4498276630015462,1.0,1.0,0.0,0.0
2.624475946187592,1.8022881133303417,0.2306520369767022,1.0,0.0,0.0,1.0
11.282145933816988,0.7160789974545941,1.5246249553344466,1.0,0.0,0.0,1.0
6.117381815249338,2.985201683903095,0.1280225091382417,1.0,0.0,1.0,1.0
20.64209611238687,1.1164754313793144,2.47279228468526,1.0,0.0,0.0,0.0
65.06949201079776,4.052825758799845,0.1909101168074898,1.0,0.0,0.0,0.0
1.8457218542875355,0.3361294746661877,1.1835914298158003,0.0,0.0,0.0,0.0
2.1898432809912,5.137951605885771,3.157557874435506,1.0,0.0,0.0,0.0
6.167401816136928,2.6312056090360447,1.0740702851914,1.0,1.0,0.0,1.0
51.96941669824973,1.0925013727396855,0.2035233217289646,1.0,0.0,0.0,1.0
24.47587925674801,0.0629984071531248,1.263001995978135,1.0,0.0,0.0,0.0
7.340910742057461,1.515156043984314,0.2507186254424148,1.0,0.0,0.0,1.0
23.660335636400703,4.977368371654707,4.832635138043826,1.0,0.0,1.0,0.0
15.784492437286596,0.918906408054994,0.1830607804712831,1.0,0.0,0.0,1.0
3.4135351282345647,0.8668337349440007,1.4158047676979222,1.0,0.0,1.0,1.0
22.38150066553682,0.0370073114037352,1.2834079254828687,1.0,1.0,0.0,0.0
4.526761987616801,0.0730590698861471,0.3306298163586811,1.0,0.0,0.0,1.0
9.795463046585215,1.2874049419771691,0.3940095117167562,1.0,0.0,0.0,1.0
48.97165532410756,0.3357985448689799,3.095935781395532,1.0,0.0,0.0,0.0
9.341705349784435,64.82251057737429,1.7801514636004043,1.0,0.0,0.0,0.0
7.942083765929206,0.5221769847848827,0.3849197842977286,1.0,0.0,0.0,0.0
0.8943690683995247,0.4534038705193829,0.5714761122801388,0.0,1.0,0.0,1.0
3.8542077496440217,31.099332730637297,0.9169948249378408,1.0,0.0,0.0,0.0
7.365207743962605,2.699368568045051,0.7471671875178197,1.0,0.0,0.0,1.0
4.471731411326695,10.889666150861853,4.122168247969073,1.0,0.0,0.0,0.0
3.809662978868481,0.2554930482231951,1.1324754375710513,1.0,0.0,0.0,1.0
17.10157572667218,1.3341734128795495,1.0532839232828328,1.0,1.0,0.0,1.0
8.11798070038618,3.016076684767779,4.418772967196122,1.0,0.0,0.0,1.0
13.428016637003024,2.069426539782809,0.444231583584956,1.0,0.0,0.0,1.0
1.9275583004813777,0.0324138937614571,2.185947521316413,1.0,0.0,0.0,1.0
10.717680672203864,0.32490978977819,0.1087978843436602,1.0,0.0,0.0,1.0
3.0770158807923766,4.042423897424615,2.280442145849557,1.0,1.0,0.0,0.0
36.11563203353493,4.112970772482003,2.955141617434679,1.0,0.0,0.0,0.0
4.339948445175447,0.0895294321944642,1.4590102591478524,1.0,0.0,1.0,1.0
6.824985068288819,1.259082656006964,1.999734622853617,1.0,0.0,0.0,1.0
0.7316671231637121,1.760258826508184,0.8015276726535728,0.0,1.0,1.0,1.0
48.29352188187367,2.192001753529009,0.1391363617241078,1.0,0.0,1.0,1.0
25.16873341529369,4.190046238849845,1.949891471070364,1.0,0.0,0.0,1.0
16.92203915456039,0.0269928533517401,3.4826700360404863,1.0,0.0,0.0,1.0
8.471667757123765,3.943799365984384,3.462061357862833,1.0,0.0,0.0,1.0
8.489123567886397,3.4547322100008286,6.711999835163795,1.0,1.0,0.0,1.0
11.718069698796898,0.4918667303508384,0.1926192436143237,1.0,0.0,0.0,0.0
0.3564681110137465,0.7498630108230959,0.7112426653336724,0.0,0.0,0.0,1.0
48.736750328800696,0.2645697587768369,2.588126584484085,1.0,0.0,1.0,1.0
16.865749600855015,2.933705690259486,7.974098462277806,1.0,1.0,0.0,1.0
11.17780866777129,0.2058578397103684,5.851157468571869,1.0,1.0,0.0,0.0
44.45448567612042,0.5090206205085741,1.8079605642768863,1.0,0.0,0.0,0.0
83.44589898167025,0.7646143750336375,0.626271028196729,1.0,1.0,0.0,1.0
5.193989540411496,0.0243747990345649,1.942434949946669,1.0,1.0,0.0,1.0
12.870662050875152,2.6291453678984227,1.365069460456454,1.0,1.0,0.0,1.0
33.03184271523065,0.0176793000783826,6.371669647712431,1.0,0.0,0.0,1.0
4.103570405311987,18.804443668940863,4.750016468084005,1.0,0.0,0.0,0.0
19.92881314463293,2.958487932812388,0.2093403872804038,1.0,0.0,0.0,1.0
1.3394986969148532,3.393549515554911,0.9144391024294136,0.0,0.0,0.0,1.0
272.3901325723941,17.96601252026726,0.3086249916411464,1.0,0.0,0.0,0.0
3.878506508014142,0.5708762632969512,0.8270273156867144,1.0,1.0,0.0,0.0
1.3135121085483723,13.427765200641955,1.7687792664645503,0.0,0.0,0.0,0.0
0.1262354538688408,1.3012205218279127,2.255707932323216,0.0,0.0,0.0,1.0
16.603267307422094,0.7387702428704347,0.5191490730031824,1.0,1.0,0.0,0.0
17.062351833449863,0.0398117919617539,0.3644881091572539,1.0,1.0,0.0,1.0
12.481986583350608,5.083059614796061,0.1201074546450934,1.0,0.0,0.0,0.0
6.410518652565028,2.007676300396891,3.586352748210734,1.0,0.0,0.0,1.0
13.947337104847175,0.44102709372573,2.2408672709499853,1.0,1.0,0.0,1.0
57.98872852912846,6.780263798775183,1.4501940493833716,1.0,1.0,1.0,0.0
0.5290005505017502,0.0506832249578456,0.5594777710854182,0.0,0.0,0.0,1.0
5.519551631849681,24.55229534739384,2.461981844090699,1.0,0.0,0.0,1.0
63.39845209649664,4.178759283342127,0.7912796412098957,1.0,0.0,0.0,1.0
27.127173566142336,1.7330785809562077,2.186703516228968,1.0,1.0,0.0,0.0
45.47027452688111,117.93704915947046,3.272043551878413,1.0,1.0,1.0,1.0
1.7161743792096569,0.1027819960916042,1.7099670169468837,0.0,0.0,0.0,0.0
10.305940507838912,0.0714108806459593,1.6654489370859762,1.0,0.0,0.0,1.0
5.542335641733119,3.417953879048431,7.145716292589592,1.0,0.0,0.0,1.0
2.577853591477349,0.1606400964333844,0.1400512185233587,1.0,0.0,0.0,0.0
6.037351718017274,0.1601693739232657,2.329045494021384,1.0,1.0,0.0,0.0
27.50419068209288,0.0152821686481734,1.5803562631998334,1.0,0.0,0.0,1.0
3.389682473074528,0.636068816784189,0.7493730610908249,1.0,0.0,0.0,1.0
0.2654826772479258,26.56387384706174,0.1779803673200476,0.0,1.0,0.0,1.0
2.7395733550972245,3.8935275293318727,8.65605264392321,1.0,0.0,0.0,1.0
29.51338876607095,1.1139810197980726,1.2255636602321518,1.0,0.0,0.0,1.0
12.698489866959989,40.93662812606877,3.239692333827231,1.0,0.0,0.0,0.0
2.4695773628794058,0.6948069210323258,0.7559496683231837,,0.0,0.0,0.0
9.42200429644232,0.1228400083503849,0.3934491743145651,1.0,0.0,0.0,1.0
3.6619452593625,1.7278362731361985,1.2348477784284375,1.0,1.0,0.0,1.0
5.407324823202565,0.2870657942244186,0.4378708997446983,1.0,0.0,0.0,0.0
0.2581373113678113,0.9300538586718162,0.2654636615697959,0.0,0.0,1.0,0.0
123.42279091377534,1.646599527302839,0.3038846376981716,1.0,0.0,0.0,1.0
0.3635599937161924,0.6720881910501746,0.6255825840597642,0.0,0.0,0.0,0.0
51.89684440824147,3.486478243629957,0.7555232356597605,1.0,0.0,0.0,1.0
21.582942700236003,11.72405519285833,0.7183466662946918,1.0,1.0,0.0,1.0
0.8100478149464767,0.8838854070965982,3.654567392400593,0.0,0.0,0.0,0.0
45.850766717480624,6.593712689862109,2.153808680320055,1.0,0.0,1.0,0.0
53.05596151756331,0.7241042347926852,2.2989342870882816,1.0,1.0,0.0,1.0
34.779713789541844,3.615431045377803,1.059124835701733,1.0,0.0,0.0,1.0
6.233184542875909,0.2057294197246367,0.5700765754725124,1.0,0.0,0.0,0.0
19.84830362428365,3.280522354980882,0.60913900591358,1.0,1.0,0.0,0.0
3.363204492274381,1.5478504933882344,2.2987073899821,1.0,1.0,0.0,1.0
8.879925379344588,1.3358551487786918,3.75979815671073,1.0,1.0,0.0,1.0
7.096538028710828,0.0287044498017444,0.5408986402447046,1.0,1.0,0.0,0.0
27.40432456139613,6.071131730531903,2.1317083093507314,1.0,0.0,0.0,0.0
1.3069082643837608,1.2365867098525325,0.4363282396212479,0.0,0.0,0.0,1.0
5.047221896842093,13.519260058361317,1.2243211788888837,1.0,1.0,0.0,1.0
2.0131105795907773,0.6474884297261435,0.1381801933646451,1.0,0.0,0.0,0.0
8.242567368764822,0.0456018531199426,0.8645337275336736,1.0,1.0,0.0,1.0
116.22906330842277,0.2654555469442394,0.2945961336264478,1.0,0.0,0.0,1.0
22.85027939564993,0.2667113470950102,2.3760194815838007,1.0,0.0,0.0,1.0
1.8480797519606729,3.993706513937101,1.6163102730572003,0.0,0.0,0.0,0.0
8.630859390704265,6.207616029526072,1.2099419572445542,1.0,1.0,0.0,1.0
10.669361699968654,11.430214799044457,0.6983044756112784,1.0,0.0,0.0,1.0
4.897806389070591,9.27857487372136,0.3599920938103188,1.0,0.0,0.0,1.0
16.0826983719654,0.0170904889942298,3.4040709838383325,1.0,0.0,0.0,1.0
41.186184030681176,0.5918668372050048,2.968231369924347,1.0,0.0,0.0,1.0
17.86617842813857,1.3386134864296757,0.0928640651222437,1.0,1.0,0.0,1.0
9.005969897169779,3.35196796889468,0.24997622797879,1.0,1.0,0.0,0.0
2.8574772321605715,0.5297647762944181,0.2196264631240853,1.0,0.0,1.0,0.0
324.8886109196666,0.0518704798725899,1.093519791178542,1.0,0.0,0.0,0.0
3.689700144798676,0.106092077761943,5.78397132896725,1.0,1.0,0.0,0.0
42.88369149629393,34.86778798727174,2.3077242218767857,1.0,0.0,0.0,1.0
2.6677719796007344,12.940212214463848,2.01291356945472,1.0,1.0,1.0,1.0
3.5098513612229927,0.0776245287852881,0.6336455035688133,1.0,0.0,0.0,0.0
18.394712570045552,0.1572407592566699,0.3005296397410619,1.0,1.0,0.0,1.0
23.82614624180554,0.0034337877237437,0.7066160703208011,1.0,0.0,0.0,1.0
1.8920133835586104,1.2000832833690398,5.506065234386341,0.0,0.0,0.0,1.0
7.792271818918467,0.3328804467232679,1.257781630987414,1.0,0.0,0.0,1.0
3.960348100674069,2.1204871513642414,7.201409492189248,1.0,0.0,0.0,1.0
6.045220186122401,0.5556459530431606,4.46141807192911,1.0,0.0,0.0,1.0
1.771569325529472,0.0463917799343837,6.356870969847514,0.0,0.0,0.0,0.0
0.8634598072683064,0.1652062518684095,1.7316380692468611,0.0,0.0,0.0,0.0
3.173381990743608,5.222942968753848,1.3054878589593948,1.0,1.0,0.0,1.0
18.89091865286169,0.1257445680976529,0.8599839152663332,1.0,0.0,0.0,1.0
3.629633463774024,0.3516647189494068,0.4827679478863454,1.0,1.0,0.0,1.0
6.211532927189697,1.7297179574174013,1.0148504504728275,1.0,1.0,0.0,0.0
5.577417207808025,0.0161705165535121,1.163135552231108,1.0,0.0,0.0,1.0
47.41745479479363,0.0485322068850864,0.5245468304021699,1.0,0.0,0.0,1.0
2.7657348564472373,98.38357680866348,2.231653379663206,1.0,0.0,0.0,1.0
5.695379508124344,0.1380018775054427,4.88089442933757,1.0,1.0,0.0,0.0
4.107860518637327,2.2113022570936027,0.8078152687133479,1.0,0.0,0.0,1.0
3.3682149402896533,94.52739795956865,1.7782493852790708,1.0,0.0,0.0,0.0
48.76513389512228,0.0626653239077601,0.7425863184048122,1.0,0.0,1.0,1.0
4.42829395756836,1.0729869478036325,3.5071620762455185,1.0,0.0,0.0,0.0
0.6962267421705729,0.1746909368973319,0.1686513139771962,0.0,1.0,0.0,1.0
3.9362039489384415,11.428051911191334,0.3135424317319396,1.0,0.0,1.0,1.0
9.627867291246876,3.096178640012764,0.777554741587078,1.0,0.0,0.0,1.0
1.4723560726440934,17.46145341084676,0.7397183141287468,0.0,0.0,0.0,1.0
35.758599988799865,3.6703391198018935,1.1623116973776912,1.0,0.0,0.0,0.0
16.687691185940878,0.066211012469614,1.3822923871742188,1.0,0.0,0.0,0.0
10.81570546012854,1.0551126887876543,1.504963611851004,1.0,1.0,1.0,1.0
2.305026520336176,0.0950807780894431,2.368156687662175,1.0,0.0,0.0,1.0
3.788410217459064,0.1700940005931743,0.2205186408063443,1.0,0.0,0.0,1.0
3.147441308999428,0.289319083230064,0.1777530789850499,1.0,1.0,1.0,1.0
2.568950624054352,0.2844989923983829,3.602198482599672,1.0,0.0,0.0,1.0
5.522028823281459,2.289837964679035,1.678052931700917,1.0,0.0,0.0,1.0
3.081266874756123,0.2278727456749175,0.1459741548354517,1.0,0.0,0.0,1.0
37.523297222203375,29.7443627359484,0.6090460412292878,1.0,0.0,0.0,1.0
20.367373917377748,0.7203131102824293,0.217944544352979,1.0,1.0,0.0,0.0
49.49747115196355,0.2205165360692452,0.5412702381620115,1.0,1.0,0.0,1.0
26.09576768311072,3.4803014946089506,0.8541204498955033,1.0,0.0,1.0,1.0
18.001605900293626,0.6581158968001255,15.771100905627016,1.0,0.0,0.0,1.0
37.05064033432431,1.591758398323716,5.290408421908674,1.0,0.0,0.0,1.0
1.0439126589151668,0.1111984261750318,10.76780586151401,0.0,1.0,0.0,1.0
1.1095934130359395,0.5665464284478886,0.458234494827242,0.0,0.0,0.0,1.0
33.723421203557706,0.8626637324561828,1.7606826863785388,1.0,0.0,0.0,0.0
20.734140509333898,0.0144643018999302,5.087416884850018,1.0,0.0,0.0,1.0
19.396022930690343,7.548195961246889,2.2220052291506667,1.0,0.0,0.0,0.0
6.340247664929695,0.885275322883806,1.7758646900366657,1.0,0.0,0.0,1.0
3.4150694378765145,0.068106409758573,0.2284070660669298,1.0,0.0,0.0,0.0
4.615217572020146,10.202087595891046,15.236645094191536,1.0,0.0,1.0,1.0
1.812843170157629,8.214406208952942,2.618859262760827,0.0,0.0,0.0,1.0
3.840681044306798,4.577216645835308,0.9022325247417162,1.0,0.0,0.0,0.0
8.717651814128846,0.958081158520886,0.6088602232926495,1.0,0.0,1.0,1.0
2.443064135643696,1.9947472872447327,1.9654917103130023,1.0,0.0,0.0,1.0
6.592124761251218,24.35189859465176,3.648468278671577,1.0,1.0,0.0,0.0
6.451154556834027,34.655081864352915,0.760946930892251,1.0,0.0,1.0,1.0
3.141590150995972,0.0703440883598725,0.5907219787214157,1.0,0.0,0.0,1.0
4.962209268041595,6.0999689092417215,0.2792277348204187,1.0,0.0,0.0,1.0
21.25214404667868,2.796981459760958,5.188348955361114,1.0,0.0,0.0,0.0
4.879527900684838,0.221166085289203,0.6049345983044082,1.0,0.0,0.0,1.0
0.4401041651818716,21.413037612037275,4.3474756860376,0.0,0.0,0.0,1.0
10.311218753808856,1.7775823924219327,12.320316357605506,1.0,0.0,0.0,1.0
16.785297337734175,47.99713919500776,3.650759368955373,1.0,0.0,0.0,1.0
55.82805966861671,0.194050951989813,0.4176725568988947,1.0,0.0,0.0,0.0
16.34565992122604,3.3505659209854355,2.772399350786656,1.0,0.0,0.0,1.0
33.62118292072588,10.638842446186048,0.525501321073817,1.0,0.0,0.0,1.0
213.44236349341983,0.2744990425401569,1.6056979213304277,1.0,0.0,0.0,1.0
38.07152913756098,0.0803464875612236,0.2681684753034722,1.0,0.0,0.0,1.0
1.8851396510490244,0.1780153913125594,6.162675151325824,0.0,0.0,0.0,1.0
6.111700195398793,7.807300381112795,1.961438646621207,1.0,0.0,1.0,0.0
,1.4458712696114335,0.3417528261299102,1.0,1.0,0.0,0.0
2.927953342599452,0.2466925232143449,6.213648634980462,1.0,0.0,0.0,0.0
3.8092660912863474,0.3391570160946962,0.4742312655217435,1.0,1.0,0.0,0.0
3.451092051441352,5.896551214838718,3.337846955121447,1.0,1.0,0.0,0.0
34.36461340420135,0.6335221191730708,1.175169699760478,1.0,1.0,0.0,1.0
5.753321485724092,1.0352110987792065,5.065054776494351,1.0,1.0,0.0,1.0
16.731823242946525,0.175341745406142,0.4429508191803404,1.0,0.0,0.0,0.0
19.51037361087381,0.2372580826719026,4.510867465100583,1.0,0.0,0.0,1.0
4.475758520996984,7.641029478540816,0.7789521159470356,1.0,0.0,0.0,1.0
85.86707603132291,0.0747300174591421,0.1784111807770541,1.0,1.0,0.0,1.0
8.33770890868272,1.2177721184538974,3.2619180563755683,1.0,0.0,0.0,0.0
11.325247650590194,2.485617448323887,1.4833420931597412,1.0,0.0,0.0,0.0
5.414680925024081,0.1637957983853361,0.4671824663346112,1.0,0.0,0.0,1.0
5.383232758841229,5.900311238966396,1.9399743191343304,1.0,1.0,0.0,1.0
23.77249780708505,3.665755694604171,0.2657554064962806,1.0,0.0,0.0,1.0
9.919557989451386,4.263856392270856,1.204903767857164,1.0,1.0,0.0,0.0
2.752949013690773,1.560590121122868,1.9085307717903763,1.0,0.0,0.0,0.0
11.981590394095909,0.9040698455461236,0.287923260800363,1.0,0.0,0.0,0.0
1.5994654103563757,0.6882493396286299,0.4048992809707752,0.0,0.0,0.0,0.0
18.391520368047445,1.361611876136514,2.687358287336444,1.0,0.0,0.0,0.0
1.845861940178048,0.4830469564841292,0.2798154796026916,0.0,0.0,0.0,1.0
1.6430225045024431,0.431833684634229,6.931060847060962,0.0,0.0,0.0,1.0
14.282508469928892,0.2551651728210419,1.668379880514904,1.0,0.0,0.0,1.0
50.147806460736334,3.2368555626081537,1.385490885884228,1.0,0.0,0.0,1.0
5.135005046415255,0.5873865754441112,,1.0,0.0,0.0,0.0
15.081008160349253,0.1801137858171894,0.4581011177589497,1.0,0.0,0.0,1.0
5.758102260054194,7.5128509902420975,1.1679632810243874,1.0,1.0,0.0,0.0
0.8965121293838764,0.1595181765466911,5.017408849666385,0.0,1.0,0.0,1.0
6.652578598915974,1.718261350569814,0.3635051446471489,1.0,0.0,1.0,1.0
17.901373560533173,0.872959550015666,1.812486555805973,1.0,0.0,0.0,0.0
12.628327835597275,0.6085736354162291,1.8413685816885816,1.0,0.0,0.0,1.0
18.22181364383524,8.139960063838949,0.5987870549698958,1.0,0.0,0.0,1.0
10.968239365956231,0.1335721476233687,1.6723109612032012,1.0,0.0,0.0,0.0
7.687337672956617,4.523520384434965,1.2854051739127563,1.0,0.0,0.0,0.0
10.206617040486517,1.1330559543331198,0.1102174553199488,1.0,1.0,0.0,1.0
5.698002490487672,28.31454026249774,2.162107114915277,1.0,0.0,0.0,1.0
10.75416173710554,0.6198893697776393,8.688268651699506,1.0,1.0,0.0,0.0
14.923914765786495,37.51942081093247,0.4578364154778892,1.0,1.0,0.0,1.0
16.494130361896406,7.661600422238958,2.103438319081864,1.0,0.0,0.0,0.0
3.032711844066368,0.1154427779855259,0.458337659943176,1.0,0.0,1.0,1.0
79.66709258809087,0.5825228696144584,0.7998278359365272,1.0,1.0,0.0,1.0
12.92111653855042,3.6292446760041024,2.8887947047750355,1.0,1.0,0.0,1.0
3.603977296546709,0.4515803700381556,0.4149248481142646,1.0,1.0,0.0,0.0
7.5572864914880595,1.1252490987177792,0.1711547528069234,1.0,1.0,0.0,1.0
5.082193914046805,3.290367963859095,0.9213167544296352,1.0,0.0,0.0,0.0
6.386085201958063,1.502283232045783,0.7255659852383788,1.0,1.0,0.0,0.0
28.72107162982656,0.3278035807551251,0.6187260424083421,1.0,0.0,0.0,1.0
9.90635923031354,1.2800135912833082,0.4504214548380388,1.0,0.0,1.0,1.0
6.436953889473028,2.232354755311806,1.5368303925309683,1.0,0.0,0.0,1.0
6.985426406378007,0.6480142510593354,0.063667168386693,1.0,1.0,1.0,1.0
0.6813032236014746,0.0631315800745538,9.496589687378789,0.0,0.0,0.0,0.0
1.9531716562744927,3.4462413317153127,0.0922548626499205,1.0,0.0,0.0,1.0
4.011094193397301,0.0271615408077133,0.3774776609253015,1.0,1.0,0.0,1.0
162.70381910739712,28.57747517936226,0.229033481917835,1.0,1.0,0.0,0.0
51.56884190442561,0.1531771524116355,0.6235877463464241,1.0,0.0,0.0,1.0
33.06854430801173,0.8033983356335752,3.8213563468707736,1.0,0.0,0.0,1.0
1.6755966600105607,0.5442977792667704,1.0759774904145956,0.0,0.0,1.0,1.0
13.626357747574056,0.0936152190252094,4.240621545103236,1.0,1.0,0.0,0.0
0.7207168980748601,0.2264857519560869,1.1527380676011687,0.0,0.0,0.0,1.0
10.96344304273456,0.7952138878461325,0.2195037654566143,1.0,0.0,0.0,1.0
134.15347074217823,0.5403038618705475,2.642086816957193,1.0,0.0,0.0,0.0
2.6126423901368967,0.4880477834698006,1.142793295162099,1.0,0.0,0.0,0.0
17.26228222185612,12.750300284559229,1.3940159573717803,1.0,0.0,0.0,1.0
2.493366684767236,0.4550624019587326,0.3239307088780537,1.0,0.0,0.0,1.0
75.68564932620258,0.4406326591304645,5.403289225197738,1.0,0.0,1.0,0.0
17.524449834920745,1.1079856019531815,3.876563704581229,1.0,1.0,0.0,1.0
5.281555596422622,17.23580475793259,4.02122364037495,1.0,0.0,0.0,1.0
34.412510970322565,4.727121852826453,0.8209180806509132,1.0,1.0,0.0,1.0
10.760489890822162,0.2396137561948368,2.0042583318449694,1.0,1.0,0.0,0.0
8.08036812126589,0.542733488719897,0.7628541659686173,1.0,1.0,0.0,0.0
1.4986116114074537,0.24026667662932,0.4264887434704068,0.0,0.0,0.0,1.0
184.31831154969765,0.0615802141802138,0.7266523960034909,1.0,1.0,0.0,0.0
3.566562554180739,3.8682271589241504,0.2582547724706786,1.0,0.0,0.0,0.0
1.0286433153685863,0.6059386482083055,1.131988089844903,0.0,0.0,0.0,1.0
121.52783326066113,9.7646995031566,0.4509406233102494,1.0,0.0,0.0,1.0
4.017312046648123,0.7335672938005185,0.9001520635400916,1.0,0.0,0.0,1.0
66.23047196332661,1.2134732429259276,1.0996582832252488,1.0,0.0,0.0,0.0
3.907557465326573,0.0200078643125522,1.2357577109334512,1.0,0.0,0.0,1.0
5.417042688843002,2.6228677631024464,2.161221563802866,1.0,0.0,0.0,1.0
1.1944238864809018,0.2791008549373024,0.1972742781995058,0.0,0.0,0.0,1.0
1.2630081716195565,0.7095714986738778,4.71802598322922,0.0,0.0,0.0,0.0
3.4651733937296,0.0570065307404509,2.838931280870546,1.0,1.0,0.0,0.0
21.019582160172444,0.0966444379792242,0.4480441056368989,1.0,0.0,0.0,1.0
8.69050969402128,0.2766665990879588,1.2972347799653023,1.0,1.0,0.0,1.0
20.60650863000512,0.4725252189358068,1.8934645032848985,1.0,0.0,0.0,0.0
34.85773938581186,1.9414432227332232,1.0418369215140553,1.0,0.0,0.0,1.0
34.48279741175634,6.058819816284482,0.9343815976136834,1.0,0.0,0.0,0.0
40.48447012284588,0.5887694351967817,1.2308971743357455,1.0,0.0,0.0,1.0
19.36894870484636,0.0411481626094435,2.484264712851576,1.0,1.0,0.0,0.0
3.0153545392807626,13.888677992725928,3.0684607360226224,1.0,0.0,0.0,0.0
18.798449745403136,0.1404855590675799,1.2853954074814768,1.0,0.0,0.0,1.0
26.5479394110141,1.1567155683459411,0.4423134635399027,1.0,1.0,1.0,1.0
65.16744692308357,1.188297698110667,0.3537086407935992,1.0,0.0,0.0,0.0
26.96380083904296,0.0243242875946754,1.4414091308820187,1.0,1.0,1.0,1.0
8.227322554436741,0.0507397936083523,0.8354946442892643,1.0,1.0,0.0,1.0
0.6120441773770511,1.611274733352004,4.182110061910485,0.0,0.0,0.0,0.0
1.5936056708954438,2.046876676364912,2.400372466449204,0.0,1.0,0.0,1.0
75.77017690869295,0.5706392354500662,1.8228868498683928,1.0,0.0,0.0,0.0
5.148178079534482,18.7502793229396,0.2582608610916292,1.0,0.0,0.0,1.0
187.99333895849944,1.442195544983596,1.0149007557878384,1.0,1.0,0.0,0.0
18.35840182094337,0.298856222791228,0.617841839900919,1.0,1.0,1.0,1.0
2.2411669851028555,0.0245952522268611,0.3946890372853133,1.0,1.0,0.0,1.0
3.280403666705255,0.6445770223473511,1.4125037489435486,1.0,1.0,0.0,0.0
11.582109943054771,1.4973427930036256,0.4409958912223427,1.0,0.0,0.0,1.0
8.342559171945018,0.0239444116622774,1.345727046074183,1.0,1.0,0.0,1.0
17.740215667479273,0.0554096168395722,0.5720786428417706,1.0,0.0,0.0,0.0
29.240316905038497,0.7212323883984736,1.2971598909066449,1.0,0.0,1.0,1.0
36.53266087007115,4.064816045246364,0.6717996397157519,1.0,1.0,0.0,1.0
5.189261097413703,59.74326050548844,0.3168948598684943,1.0,0.0,1.0,0.0
32.53316515481298,0.1552871453520427,2.8390917157138147,1.0,1.0,0.0,1.0
127.38708075107895,0.6916024205989827,0.5790701242513845,1.0,0.0,0.0,1.0
2.2002281730230577,1.1175955349900566,6.754960357646525,1.0,0.0,0.0,1.0
19.83920165165593,0.9962145488696532,1.6381561626630017,1.0,1.0,0.0,0.0
4.867018099584462,0.196100473743123,1.4485030184046317,1.0,0.0,0.0,1.0
13.026615843977584,6.081750911648653,1.229922577562822,1.0,1.0,0.0,0.0
15.63352263844845,0.6461783732179139,0.3494963789786924,1.0,0.0,0.0,1.0
65.27944892027583,0.1176701428249044,1.003940890789034,1.0,0.0,0.0,0.0
16.205260731640866,0.2700665354976322,2.913979257621975,1.0,1.0,0.0,1.0
23.84678646990707,8.1162464382491,4.030075458247913,1.0,1.0,0.0,0.0
12.497865323437429,1.4922940789875423,0.3371364970215952,1.0,0.0,0.0,1.0
1.7721371720409165,0.0536095935089755,0.183290096744106,0.0,0.0,0.0,1.0
4.460437512403308,5.932176328720857,2.253111815294912,1.0,0.0,0.0,0.0
4.890324168803959,0.5670307179209536,0.5284202158494761,1.0,1.0,1.0,0.0
25.504679572292225,0.3212332520757749,0.6377034896486795,1.0,1.0,0.0,0.0
23.142611101060805,2.457875751773196,0.6932328982018288,1.0,0.0,0.0,1.0
27.99457756114268,1.03157110901911,3.002132137318581,1.0,1.0,0.0,1.0
2.0905602696091514,0.9814175492256968,0.6293686236629009,1.0,1.0,0.0,1.0
52.08681736434463,0.102035680640087,3.616161233099623,1.0,1.0,0.0,1.0
40.13988787832907,1.165585134124128,2.8694998295590204,1.0,0.0,0.0,0.0
18.322839106261267,0.0086420759458966,1.2099378074323326,1.0,1.0,0.0,1.0
5.447993242649239,8.132262274085871,3.479747615801834,1.0,0.0,0.0,0.0
109.51573869353932,3.832674306473823,0.4053697250873238,1.0,0.0,0.0,1.0
7.1246528362478845,0.1182226624455679,4.516061467598171,1.0,0.0,0.0,1.0
1.7469308040243452,0.160309123286526,3.356737310397645,0.0,1.0,0.0,0.0
8.311151204736456,8.240541473785251,11.882123488923424,1.0,1.0,0.0,1.0
15.835485239108769,0.253170842058548,0.1792365435182008,1.0,0.0,0.0,1.0
2.4653389697849275,1.828023008510985,1.180198826520496,1.0,1.0,0.0,1.0
5.950730785872928,4.0379615918991005,1.6615923264877377,1.0,1.0,0.0,1.0
8.164659273707832,0.2587029986954982,0.7028875110651538,1.0,0.0,0.0,0.0
4.228617595681267,2.7721085177386704,2.1253927264353987,1.0,1.0,0.0,1.0
9.566162615231876,0.2703161499667778,4.617754746928895,1.0,0.0,0.0,1.0
8.785738456794599,27.42803606514779,1.8730198152445008,1.0,0.0,0.0,0.0
1.1800744858986827,0.8692916016691299,0.9481001868383266,0.0,1.0,0.0,1.0
11.644197268164389,0.4644247708425224,0.5761306380389727,1.0,1.0,0.0,1.0
16.84329433809753,0.321859945629473,1.046106376673624,1.0,0.0,0.0,1.0
465.4930168223546,0.1814670314554837,0.5827886768317603,1.0,1.0,0.0,1.0
189.78186985052545,0.235786604192341,2.4393622263192696,1.0,0.0,0.0,1.0
5.2774630659592265,64.43891167805657,1.1479936869373435,1.0,0.0,0.0,1.0
7.805514337419068,2.466106990495015,0.3392707199783186,1.0,1.0,0.0,0.0
0.4915706339539342,0.1668546230441318,0.8858142291611588,0.0,0.0,0.0,0.0
140.80058401945476,0.1495087435666292,2.983324848668742,1.0,0.0,0.0,1.0
51.697184024179165,6.396665447505791,0.8398706229149384,1.0,0.0,0.0,1.0
69.49958402907546,0.1705397696431118,2.5717263926752145,1.0,0.0,0.0,1.0
14.254411375884816,1.090469504476953,0.3209144410182407,1.0,0.0,0.0,1.0
17.568359415781405,1.4972849144492124,0.3097856210892888,1.0,0.0,0.0,1.0
2.529860259294618,0.1819012257794263,0.1656613116043024,1.0,0.0,0.0,0.0
1.043665145384658,1.938180364227048,0.1257724937876489,0.0,0.0,0.0,1.0
10.001269404253284,0.4289920419715886,0.4636504975376914,1.0,1.0,0.0,1.0
80.46374324434841,10.108236088488612,0.8993929755613647,1.0,0.0,0.0,0.0
1.079230867696732,0.0827748753890294,0.269343539098512,0.0,1.0,0.0,1.0
14.292272382292206,0.1292695652534091,5.42785524478991,1.0,0.0,1.0,1.0
3.4423673528156806,1.4699277843592058,0.494696577045534,1.0,0.0,0.0,1.0
3.2761699122254946,2.4803831163226704,0.5326041499329871,1.0,0.0,0.0,1.0
3.5574371769936795,7.0726520350225845,0.2464712965715579,1.0,1.0,0.0,1.0
53.18128178360518,0.2619225112977362,0.7688341236678851,1.0,1.0,0.0,0.0
15.340330090199329,0.2089447211712656,1.0874622259736493,1.0,1.0,0.0,1.0
136.7612714513426,0.2449167717027956,1.0629232574845964,1.0,1.0,0.0,1.0
22.160228416529247,3.498415752082404,1.0220044321871555,1.0,0.0,0.0,0.0
76.48098374096429,0.8912658288109201,5.102594303919235,1.0,1.0,0.0,0.0
20.37003522018082,0.7503901880276859,2.179726011645021,1.0,0.0,0.0,1.0
40.26743782153416,1.2308078901642994,0.1016683686282613,1.0,0.0,0.0,0.0
16.815571672754874,0.5411264345899162,2.5975635295186974,1.0,0.0,0.0,1.0
28.71416756198626,1.7212784489961066,0.2947168086457126,1.0,1.0,0.0,0.0
17.508667575779974,0.1354044342432653,1.5090216344859624,1.0,0.0,0.0,0.0
20.18752385560922,0.7815867205528257,3.9789784703039937,1.0,0.0,0.0,1.0
1.8229870524085976,3.2288077512591125,0.2272633342850227,0.0,0.0,0.0,0.0
73.24272718579316,0.3948760740315273,3.488416430519959,1.0,1.0,0.0,1.0
20.75904458851284,12.38959356672352,1.0313358813283209,1.0,1.0,0.0,0.0
7.4900878913845474,0.5443640760724071,3.1496201902559173,1.0,1.0,0.0,1.0
22.140980517235555,3.638142456294231,0.0453763582168975,1.0,1.0,0.0,0.0
4.177313806230251,0.885591219532466,1.006826820702836,1.0,1.0,0.0,1.0
13.962372794964397,1.1375664348829406,10.091092568650565,1.0,0.0,0.0,1.0
6.727230727013184,0.1557830690372789,0.1438308088511202,1.0,0.0,0.0,0.0
5.85381325773252,0.2892606203623965,0.9294155290825784,1.0,0.0,0.0,1.0
13.48809854972116,0.1240143920306049,4.442512134071702,1.0,1.0,0.0,1.0
30.56899261666269,1.0127069940945257,1.4578769096775994,1.0,0.0,0.0,0.0
22.1963684804755,0.3282890834917639,1.5918014937371778,1.0,1.0,0.0,1.0
8.017587524523092,0.0132773715392217,0.7422695902124089,1.0,0.0,0.0,1.0
26.75085427359715,5.033755616135783,0.984372366617025,1.0,0.0,0.0,1.0
0.9712197980450772,6.278638909222267,2.0098786000600315,0.0,0.0,0.0,0.0
56.210100372758376,0.2269859700831829,3.1913246701470537,1.0,0.0,0.0,0.0
8.536203717593654,16.306691154299056,2.1660316797957844,1.0,1.0,0.0,0.0
24.914260683743773,1.5770362223680965,2.2005312604572707,1.0,1.0,0.0,1.0
,0.4244670406279015,1.0106869509436036,1.0,0.0,0.0,1.0
0.3238372102328745,0.175476250023458,1.944098031886221,0.0,0.0,1.0,1.0
16.695036272072503,5.098165903025114,4.159502388897509,1.0,0.0,0.0,1.0
50.41227530666973,0.0770987505490021,0.8810713925314652,1.0,1.0,0.0,1.0
5.896678045105132,0.0293619782446074,0.5956722760658476,1.0,0.0,0.0,1.0
48.80263000966793,1.0517223280006276,0.5074538369276014,1.0,1.0,0.0,1.0
22.03901459989566,11.134613167590585,2.3802589443262216,1.0,0.0,0.0,1.0
0.9370384769539816,0.2004545895401848,2.1033842446970623,0.0,0.0,0.0,1.0
0.2855504232343065,2.585975634610828,1.1319389568248308,0.0,0.0,0.0,1.0
39.42469076856648,0.9722256071138152,2.403524206251316,1.0,0.0,0.0,1.0
9.863087711449843,15.30115170588422,3.160438694866502,1.0,0.0,0.0,1.0
6.857620274134984,0.0213767737700518,0.4807611225191955,1.0,0.0,0.0,1.0
68.68088318992272,0.1033600436147243,0.4354582795086695,1.0,1.0,0.0,1.0
65.40100573981975,3.2930887902489614,1.3137950646319485,1.0,0.0,0.0,1.0
2.536452703212027,0.344472288769699,2.1869998168855056,1.0,0.0,0.0,1.0
4.67200620670779,1.116736714490606,1.6658033705283344,1.0,0.0,1.0,1.0
61.51142555513911,0.0892347068143388,3.6878393004444296,1.0,0.0,0.0,1.0
29.195186492592413,0.0211210197353713,0.1289223359252707,1.0,0.0,0.0,1.0
23.574027860804023,0.2294446512841681,0.2893634265503509,1.0,0.0,1.0,1.0
31.09777292975744,0.5560964644579166,1.3897196572401174,1.0,0.0,0.0,1.0
18.868598595372685,10.736523742433798,0.7841693477119023,1.0,1.0,0.0,0.0
12.982224084163184,0.3905634694866489,0.8487573141778262,1.0,1.0,0.0,0.0
1.9078416273823868,1.875605821071625,2.784758429571041,1.0,0.0,0.0,1.0
40.41300079762033,0.4126456250665996,0.0622771175155159,1.0,0.0,0.0,1.0
7.798854975947258,4.232048131763873,0.3790652672939527,1.0,1.0,0.0,1.0
8.293604302417505,1.9962963482187124,1.3289790232250078,1.0,0.0,0.0,0.0
9.740832741035938,3.662326036706185,0.3548270112864904,1.0,1.0,0.0,1.0
2.2821506508707805,,1.0749085422083915,1.0,0.0,0.0,0.0
4.917338145927762,0.097484559251935,0.6280429146244311,1.0,1.0,0.0,1.0
50.77731979923174,1.861501794688607,0.8796285567752282,1.0,1.0,0.0,1.0
1.6850272732402485,1.3029028877233808,0.4671544452808644,0.0,1.0,0.0,0.0
21.99875004651085,0.1780488907567801,0.362246271988569,1.0,0.0,0.0,0.0
20.75957846606337,0.6778163172163323,1.7581107042908155,1.0,0.0,0.0,0.0
4.791369183906798,1.843693693979628,1.7651523533119493,1.0,1.0,0.0,1.0
1.5908516813909688,0.2877136772244379,0.7103862675081951,0.0,0.0,0.0,0.0
4.152574853878994,1.3471948854410418,0.3414942573096768,1.0,0.0,0.0,1.0
12.950302956905183,0.120884886534564,1.2647926615721032,1.0,1.0,0.0,0.0
19.980826627042465,0.676785717447883,0.2013234350484382,1.0,0.0,0.0,1.0
3.223044602240887,0.0542809054957127,5.442881567813625,1.0,0.0,0.0,1.0
22.11027469851295,0.1419001440808167,0.6685218439291292,1.0,1.0,0.0,1.0
5.830458917357656,4.156066826460182,2.5224790623839466,1.0,1.0,0.0,1.0
1.8004176265816076,3.31767771379726,0.7147067882786062,0.0,0.0,0.0,1.0
7.036399722149124,0.0163413274707076,0.5147997818934869,1.0,0.0,1.0,1.0
1.2968378043924789,5.259309474723174,1.0080042475513966,0.0,0.0,0.0,1.0
2.491786146397837,0.5439444606756929,3.726009467855965,1.0,1.0,0.0,1.0
9.92828884628829,0.3658012311801106,0.2774686517925129,1.0,0.0,1.0,0.0
130.6491657713901,0.7234026880147799,0.5099258515558793,1.0,1.0,0.0,1.0
2.4357553394446354,1.8603775006913432,0.3038517229218231,1.0,0.0,0.0,0.0
4.103756992898672,3.2342595096129125,0.3645654488704137,1.0,0.0,0.0,1.0
4.858167807354327,1.035028798172196,0.9712748224382496,1.0,1.0,0.0,1.0
12.274560556057285,9.031510102574568,1.6588191425398713,1.0,1.0,0.0,0.0
3.0570953640393617,0.909333111311786,1.168596989797601,1.0,1.0,1.0,1.0
28.48546005981261,0.4066937656947105,0.7059990225267897,1.0,0.0,0.0,1.0
142.71148282664973,4.858154919825245,0.3399852383359492,1.0,0.0,0.0,0.0
1.8250430069452013,0.0807809870449082,1.875126882607573,0.0,0.0,0.0,1.0
11.552803490450788,4.177249461310391,2.567408492497352,1.0,0.0,0.0,0.0
7.351629127064337,3.867470692417905,1.488612548240528,1.0,0.0,0.0,0.0
5.429603988926945,1.371044342814694,2.6421371344509064,1.0,0.0,0.0,1.0
3.718882291786108,35.44366008074855,0.7600843833694125,1.0,1.0,0.0,1.0
21.682228262826666,0.1583421058333232,2.1665048802302804,1.0,0.0,0.0,0.0
64.78168648410019,1.1138211460769245,0.1172454008097927,1.0,1.0,0.0,1.0
12.343892385474804,10.338415105669943,1.1629178690731303,1.0,0.0,0.0,1.0
42.42741755882719,26.014338368145246,6.438028287858425,1.0,0.0,0.0,1.0
21.52822874118936,0.5755686650796256,1.3860165903750064,1.0,0.0,0.0,1.0
4.272082449018946,0.6460554729159577,1.0320330915113844,1.0,0.0,0.0,1.0
1.978066845186835,32.47718498974911,0.1450748568484605,1.0,0.0,1.0,1.0
4.376816639745212,0.8613370241417425,0.1813369243859156,1.0,0.0,0.0,1.0
5.597100291043956,3.819323276812212,2.5934955245706903,1.0,0.0,0.0,0.0
9.630311173782877,4.686952686089621,1.841826799926065,1.0,0.0,0.0,1.0
13.483770083285714,1.2018417323037411,9.580180962148775,1.0,0.0,1.0,1.0
19.20548627810962,0.2672168844633755,3.1645250247118226,1.0,0.0,0.0,1.0
58.14512668773992,0.7934896204254239,1.5057529110090675,1.0,0.0,0.0,1.0
3.406507752040977,0.0314951152352361,1.6158347751232651,1.0,1.0,0.0,0.0
6.464141758469345,0.1584691040772651,0.487061316945129,1.0,1.0,0.0,1.0
14.553945973602824,0.4273876239038583,0.8039861443320873,1.0,0.0,0.0,1.0
1.5548365583963035,1.2048810299177506,0.6054435890286884,0.0,0.0,1.0,0.0
15.442115169966469,0.0407481868749429,1.1929441705901014,1.0,1.0,0.0,0.0
13.325045355604106,1.100583564082647,1.2834928749302408,1.0,0.0,0.0,0.0
15.719166910752769,0.5143865899760384,0.259297775835031,1.0,0.0,0.0,1.0
25.6580821584776,0.3812709504715814,5.047638926894304,1.0,0.0,0.0,1.0
32.091121729784824,0.28652881658276,1.770348131897582,1.0,1.0,0.0,0.0
213.35163342869052,1.496348753867185,2.80780524280297,1.0,0.0,0.0,0.0
8.108592586141386,1.341675516559787,0.3841470323702532,1.0,0.0,0.0,0.0
22.48949134171959,0.5170180677194149,0.1342409211316709,1.0,0.0,1.0,1.0
3.261697514493526,2.1112358273058325,0.8911832913457374,1.0,0.0,0.0,1.0
19.11993235535908,0.5742324871746723,0.521968291054309,1.0,0.0,1.0,0.0
2.180878213001515,25.46176090092176,1.5174098357079395,1.0,0.0,0.0,1.0
78.03905541304107,2.063086911198239,0.3495690216367172,1.0,0.0,1.0,1.0
24.565506906384243,26.182988696497656,1.4521977157316148,1.0,0.0,0.0,1.0
3.032005333627217,1.4119484891273215,0.1222945425864553,1.0,1.0,0.0,1.0
7.269487309157044,0.1970474039747787,0.0372455293902751,1.0,0.0,0.0,1.0
40.96023663561533,3.148075232214485,0.2814391062206788,1.0,1.0,0.0,1.0
16.797861774779523,0.285289566504236,2.11913616873073,1.0,0.0,0.0,1.0
1.937557584048184,0.8683862250189667,0.3129827154453788,1.0,1.0,0.0,0.0
4.015703339931584,0.3081395553353083,0.5078681840928317,1.0,1.0,0.0,1.0
34.488672964556194,0.0644899612964082,3.631274333160872,1.0,0.0,0.0,1.0
4.494329054139983,0.3803999120598498,0.0357676933006379,1.0,1.0,0.0,1.0
17.075607301757316,4.583921065137633,1.1668934639552777,1.0,1.0,0.0,0.0
0.5835960783058811,4.201702352299539,0.2757383664630574,0.0,0.0,1.0,1.0
2.597563019751486,0.3532187710546706,0.4473088483328507,1.0,0.0,0.0,1.0
48.4010597648355,5.467612720634153,1.813404674914501,1.0,0.0,0.0,1.0
40.16415988445542,4.043750097139242,0.7631721781380889,1.0,0.0,0.0,1.0
14.081754552446707,0.4150638885634418,0.8849730534538334,1.0,0.0,0.0,0.0
84.63397570381925,0.8797895888158368,1.0025089794237925,1.0,0.0,0.0,1.0
0.4272563908325421,2.37972208877186,0.8664484233353404,0.0,0.0,0.0,1.0
20.799658723800203,0.6139439759972973,1.995094869772415,1.0,0.0,0.0,0.0
6.458208381501501,0.2249075467025554,0.8531772864481183,1.0,0.0,0.0,0.0
10.37699385231316,3.317915993972802,1.2130502613537002,1.0,1.0,0.0,1.0
0.993591484203602,56.99368193975206,0.3969508826604473,0.0,0.0,1.0,1.0
45.76183612300592,0.0245644517817782,0.3445607859673404,1.0,1.0,0.0,1.0
2.9912552510801045,2.680174746753123,1.639809254538776,1.0,0.0,0.0,1.0
0.4725273482354457,0.1070036108708301,2.9949638607469127,0.0,0.0,1.0,1.0
0.7651060543709539,0.2551551822261204,1.2329630626565762,0.0,0.0,1.0,0.0
25.610999078370504,0.6573458990279775,0.5758280629980581,1.0,0.0,0.0,1.0
10.240986139708008,5.563130169521364,2.051700863112189,1.0,0.0,0.0,0.0
21.9269399809223,1.2010342308061186,0.5589311491358459,1.0,1.0,1.0,1.0
0.3809220045642323,0.7590954886463727,1.2781594544602592,0.0,0.0,0.0,1.0
12.04917770385628,3.188426926223507,0.7269788619220612,1.0,1.0,0.0,1.0
147.37764740104646,0.051126898232982,1.067156937301369,1.0,1.0,0.0,0.0
23.125164068848537,0.6095104675126323,0.4215141303264473,1.0,1.0,0.0,0.0
46.40800665992565,5.784621505170661,0.3596040088214357,1.0,0.0,0.0,0.0
13.217061082832837,0.1360088160076331,0.1864438102127918,1.0,0.0,0.0,1.0
2.1819631623286524,0.1560072790733353,1.172422936463006,1.0,0.0,0.0,1.0
17.40389952169052,0.3838682718041369,0.5767903683280047,1.0,0.0,1.0,0.0
330.5056865318201,5.318007008146462,0.2834489103113586,1.0,0.0,0.0,0.0
11.763738285054805,3.0545449683792785,1.7495705850835834,1.0,1.0,0.0,0.0
32.94267223666761,1.3530130564546332,0.3846935329085614,1.0,1.0,0.0,1.0
70.3624518277478,0.5095408087905018,1.576783800146858,1.0,0.0,0.0,1.0
3.9832109752623386,0.4190908535914197,0.5911614296378933,1.0,0.0,0.0,1.0
3.27503416077746,2.9998853318931684,4.141790500190305,1.0,1.0,0.0,1.0
7.14013931111525,0.728184858528354,3.4393645694311696,1.0,0.0,0.0,1.0
0.7025856809698864,1.426409960043057,0.2203870731943932,0.0,1.0,0.0,1.0
21.768568677941456,0.204356825924526,2.0093809931335898,1.0,0.0,0.0,1.0
21.64887332901765,1.2878161192425872,0.8340298574054589,1.0,0.0,0.0,1.0
14.101312832146109,49.221213177902605,4.098338389936533,1.0,1.0,0.0,1.0
6.0620653494439605,0.0850153888289005,4.932537575043677,1.0,0.0,0.0,1.0
17.557359249370137,0.3329057561878011,0.8652725603603096,1.0,0.0,0.0,1.0
6.581796977324967,2.7203222380801573,0.3424488083216933,1.0,0.0,0.0,1.0
276.607363933286,0.5538230977481472,9.137628103065683,1.0,1.0,0.0,1.0
12.53886362263856,0.1897211477325966,0.3557980763096977,1.0,0.0,0.0,1.0
5.416029490171813,2.1405644472402536,0.0979722826054499,1.0,1.0,0.0,1.0
0.6736810248549924,0.0694167800118802,26.593467432204594,0.0,0.0,0.0,0.0
2.66350791177604,19.12320429734064,1.003951404100783,1.0,0.0,0.0,0.0
1.7318323733499847,0.4545809743697858,0.1649718876225094,0.0,0.0,0.0,0.0
19.34337441474052,1.467529687870811,2.699606548739938,1.0,0.0,0.0,0.0
3.005169298141676,1.2275321552003715,0.847919876616233,1.0,1.0,0.0,1.0
6.100954467746881,0.6289892941364182,3.5351945069349173,1.0,0.0,0.0,0.0
0.9502188317286228,2.37179280182503,0.210417824696046,0.0,1.0,0.0,0.0
17.3337271938689,0.2089194980929456,5.609712792214543,1.0,1.0,0.0,1.0
15.048984296633783,0.17875259055459,2.54110154329692,1.0,1.0,0.0,1.0
0.8991422434000166,2.232896953507529,2.379453551780708,0.0,0.0,0.0,0.0
3.906556784364754,16.01807746709453,0.767325776409326,1.0,0.0,0.0,1.0
21.3371565174896,0.6283565835753936,0.8376789365991779,1.0,1.0,0.0,1.0
16.985745766480022,1.477166234830974,2.9277174089982907,1.0,0.0,0.0,1.0
8.109754131195066,2.1054924947551434,0.1288820665817706,1.0,0.0,0.0,1.0
2.294891611396276,7.368061808498288,0.0669661735099014,1.0,0.0,0.0,1.0
27.71256949407844,25.284515536091472,0.2599191939244265,1.0,1.0,0.0,1.0
5.618343546525252,0.6584560784193334,9.492129165949166,1.0,1.0,0.0,1.0
4.528953489628548,0.8628397993960636,0.0610222847187059,1.0,1.0,0.0,1.0
37.34158854134685,3.1042941301727667,0.900173335636729,1.0,0.0,0.0,1.0
3.518726802698272,4.397370884930156,0.3189570697068161,1.0,0.0,0.0,1.0
33.11320336792925,35.3615097937252,0.0967746093678395,1.0,1.0,0.0,0.0
21.299605151310782,1.5291685102578083,0.309323550777152,1.0,1.0,0.0,1.0
129.79929827645026,0.0275658617513691,3.5231264933986166,1.0,0.0,0.0,1.0
1.6148835376947868,0.9689968354512198,0.8967857019074899,0.0,0.0,0.0,1.0
5.731561775136363,14.546287879192704,1.3096717147279056,1.0,1.0,0.0,1.0
3.243868766496259,0.2154578925664461,1.3222757895237658,1.0,1.0,0.0,0.0
9.68067291299758,0.3747815022937116,4.839787818464687,1.0,1.0,0.0,1.0
3.904237499206248,11.478607816338386,0.0618744968143885,1.0,1.0,0.0,1.0
92.1629909485093,0.2563694091426274,1.2552223912506115,1.0,1.0,0.0,1.0
10.805691571387316,0.3630243830804757,0.4508512631959122,1.0,1.0,0.0,0.0
9.839408778093413,0.3975650770441527,2.980567700515145,1.0,0.0,0.0,1.0
71.4970676961879,0.2925556051815333,2.2936152544442985,1.0,0.0,1.0,0.0
56.22195312767827,12.826556297368011,0.7844479564020741,1.0,1.0,0.0,0.0
4.768719635117717,1.9584064657112843,1.5011241491609089,1.0,0.0,0.0,0.0
7.612306635694634,5.1175009267110365,0.4032256578611229,1.0,0.0,0.0,1.0
1.911642870888364,0.213904915678713,0.5048028115682477,1.0,0.0,0.0,0.0
1.1625588993347844,3.232419604602777,0.4225684495733373,0.0,1.0,0.0,1.0
14.522526372687862,4.7599943335956105,2.692649192972864,1.0,0.0,0.0,0.0
3.796493415378923,0.0700119256025413,0.8559575158588195,1.0,1.0,1.0,1.0
18.8297489653523,1.8474625166441072,1.3191092339690813,1.0,0.0,0.0,1.0
4.369664513230806,0.505321045520055,2.483257534915318,1.0,0.0,0.0,0.0
83.20167857142751,0.1433099298347386,0.199306922971789,1.0,0.0,0.0,1.0
10.587456413915362,0.7213607239355768,1.5368464007229234,1.0,0.0,0.0,0.0
10.16617350842915,0.2232573377670414,1.163089713216445,1.0,0.0,1.0,1.0
1.5410917449727024,6.594619706614493,1.6223493690092063,0.0,0.0,0.0,1.0
89.85673998025258,2.392419329782674,1.4239613983613244,1.0,0.0,0.0,1.0
5.341725557574327,0.7431748493821629,8.716888380679766,1.0,0.0,0.0,1.0
20.64489895645529,0.1518884254542753,1.923350262570312,1.0,1.0,1.0,0.0
276.0884345076897,33.95019686455189,0.6642113060559054,1.0,0.0,0.0,
3.910029153971928,2.9069414224441696,0.4166601759070079,1.0,0.0,0.0,1.0
1.4246839532562836,0.415160076739353,1.7543486037170897,0.0,1.0,0.0,1.0
22.28181381033259,1.719195188483002,0.1435051333802975,1.0,0.0,0.0,1.0
6.790750558551582,0.8805767965959882,1.5239783506031863,1.0,0.0,1.0,1.0
85.65427472168929,46.34159039951046,8.28723045627574,1.0,1.0,0.0,0.0
13.268398012805882,0.693979223195921,16.50982048897137,1.0,1.0,0.0,1.0
2.916869175772088,0.0463582705114361,4.087321329460455,1.0,0.0,0.0,1.0
3.251435942632805,1.466859763139264,6.308582778637863,1.0,1.0,0.0,1.0
13.07926441793266,0.1653435649768834,2.8058873973859444,1.0,1.0,0.0,0.0
9.091833197489796,0.5078635079122714,6.219456847037311,1.0,0.0,0.0,1.0
0.0776216152015913,2.943125479075124,0.2973572748753395,0.0,1.0,0.0,1.0
20.823194098489733,1.7445000625969012,0.8614176823338767,1.0,0.0,0.0,1.0
6.970261704401474,0.6198144969686751,1.0227323444564882,1.0,0.0,0.0,1.0
3.0387505975628413,1.718709438170959,1.957037002226242,1.0,0.0,0.0,1.0
6.667878886899263,4.986186004061958,0.0438775966041836,1.0,1.0,0.0,0.0
2.727915768518358,2.4037329801805423,2.551022231486757,1.0,0.0,0.0,0.0
6.227292935534555,0.0395286522133417,1.3401043841250515,1.0,0.0,0.0,1.0
43.57064642885518,1.2555179954573028,0.7448340584049346,1.0,0.0,0.0,1.0
11.44254737039294,1.6100068681908306,3.3953902974102887,1.0,0.0,0.0,1.0
3.701054193785263,0.1026686279559396,0.5796430413980895,1.0,0.0,0.0,1.0
7.420508204400991,2.1228313630291145,12.483576296679905,1.0,0.0,0.0,0.0
13.650223692108808,0.4507516541310738,2.7571463894249586,1.0,0.0,0.0,1.0
20.61485840759978,5.626863063685815,0.5669057391641718,1.0,1.0,0.0,0.0
7.769320136238138,1.8308873545780904,1.0103230766777462,1.0,0.0,0.0,1.0
3.162883711454285,8.838059792468501,1.7032015972958106,1.0,0.0,0.0,1.0
13.481913839022289,22.86266425929412,0.5044971137040507,1.0,0.0,0.0,1.0
8.690024535268039,0.3135251979711924,1.8338516608176296,1.0,0.0,0.0,1.0
